[
  {
     "pk":1,
     "model":"cpovc_registry.RegPersonsExternalIds",
     "fields": {
     "identifier_type_id":"INTL",
     "identifier":"1234",
     "is_void":"False",
     "person_id":2
  }
  },
  {
     "pk":2,
     "model":"cpovc_registry.RegPersonsExternalIds",
     "fields": {
     "identifier_type_id":"IMAN",
     "identifier":"1998000557",
     "is_void":"False",
     "person_id":2
  }
  },
  {
     "pk":3,
     "model":"cpovc_registry.RegPersonsExternalIds",
     "fields": {
     "identifier_type_id":"CPHA",
     "identifier":"Baringo",
     "is_void":"False",
     "person_id":2
  }
  },
  {
     "pk":4,
     "model":"cpovc_registry.RegPersonsExternalIds",
     "fields": {
     "identifier_type_id":"IWKF",
     "identifier":"1998000557",
     "is_void":"False",
     "person_id":2
  }
  },
  {
     "pk":5,
     "model":"cpovc_registry.RegPersonsExternalIds",
     "fields": {
     "identifier_type_id":"INTL",
     "identifier":"1234",
     "is_void":"False",
     "person_id":3
  }
  },
  {
     "pk":6,
     "model":"cpovc_registry.RegPersonsExternalIds",
     "fields": {
     "identifier_type_id":"IMAN",
     "identifier":"1998044527",
     "is_void":"False",
     "person_id":3
  }
  },
  {
     "pk":7,
     "model":"cpovc_registry.RegPersonsExternalIds",
     "fields": {
     "identifier_type_id":"CPHA",
     "identifier":"Bomet",
     "is_void":"False",
     "person_id":3
  }
  },
  {
     "pk":8,
     "model":"cpovc_registry.RegPersonsExternalIds",
     "fields": {
     "identifier_type_id":"IWKF",
     "identifier":"1998044527",
     "is_void":"False",
     "person_id":3
  }
  },
  {
     "pk":9,
     "model":"cpovc_registry.RegPersonsExternalIds",
     "fields": {
     "identifier_type_id":"INTL",
     "identifier":"1234",
     "is_void":"False",
     "person_id":4
  }
  },
  {
     "pk":10,
     "model":"cpovc_registry.RegPersonsExternalIds",
     "fields": {
     "identifier_type_id":"IMAN",
     "identifier":"1989008946",
     "is_void":"False",
     "person_id":4
  }
  },
  {
     "pk":11,
     "model":"cpovc_registry.RegPersonsExternalIds",
     "fields": {
     "identifier_type_id":"CPHA",
     "identifier":"Bungoma",
     "is_void":"False",
     "person_id":4
  }
  },
  {
     "pk":12,
     "model":"cpovc_registry.RegPersonsExternalIds",
     "fields": {
     "identifier_type_id":"IWKF",
     "identifier":"1989008946",
     "is_void":"False",
     "person_id":4
  }
  },
  {
     "pk":13,
     "model":"cpovc_registry.RegPersonsExternalIds",
     "fields": {
     "identifier_type_id":"INTL",
     "identifier":"1234",
     "is_void":"False",
     "person_id":5
  }
  },
  {
     "pk":14,
     "model":"cpovc_registry.RegPersonsExternalIds",
     "fields": {
     "identifier_type_id":"IMAN",
     "identifier":"1996121276",
     "is_void":"False",
     "person_id":5
  }
  },
  {
     "pk":15,
     "model":"cpovc_registry.RegPersonsExternalIds",
     "fields": {
     "identifier_type_id":"CPHA",
     "identifier":"Busia",
     "is_void":"False",
     "person_id":5
  }
  },
  {
     "pk":16,
     "model":"cpovc_registry.RegPersonsExternalIds",
     "fields": {
     "identifier_type_id":"IWKF",
     "identifier":"1996121276",
     "is_void":"False",
     "person_id":5
  }
  },
  {
     "pk":17,
     "model":"cpovc_registry.RegPersonsExternalIds",
     "fields": {
     "identifier_type_id":"INTL",
     "identifier":"1234",
     "is_void":"False",
     "person_id":6
  }
  },
  {
     "pk":18,
     "model":"cpovc_registry.RegPersonsExternalIds",
     "fields": {
     "identifier_type_id":"IMAN",
     "identifier":"1990170900",
     "is_void":"False",
     "person_id":6
  }
  },
  {
     "pk":19,
     "model":"cpovc_registry.RegPersonsExternalIds",
     "fields": {
     "identifier_type_id":"CPHA",
     "identifier":"Elgeyo-Marakwet",
     "is_void":"False",
     "person_id":6
  }
  },
  {
     "pk":20,
     "model":"cpovc_registry.RegPersonsExternalIds",
     "fields": {
     "identifier_type_id":"IWKF",
     "identifier":"1990170900",
     "is_void":"False",
     "person_id":6
  }
  },
  {
     "pk":21,
     "model":"cpovc_registry.RegPersonsExternalIds",
     "fields": {
     "identifier_type_id":"INTL",
     "identifier":"1234",
     "is_void":"False",
     "person_id":7
  }
  },
  {
     "pk":22,
     "model":"cpovc_registry.RegPersonsExternalIds",
     "fields": {
     "identifier_type_id":"IMAN",
     "identifier":"1993076448",
     "is_void":"False",
     "person_id":7
  }
  },
  {
     "pk":23,
     "model":"cpovc_registry.RegPersonsExternalIds",
     "fields": {
     "identifier_type_id":"CPHA",
     "identifier":"Embu",
     "is_void":"False",
     "person_id":7
  }
  },
  {
     "pk":24,
     "model":"cpovc_registry.RegPersonsExternalIds",
     "fields": {
     "identifier_type_id":"IWKF",
     "identifier":"1993076448",
     "is_void":"False",
     "person_id":7
  }
  },
  {
     "pk":25,
     "model":"cpovc_registry.RegPersonsExternalIds",
     "fields": {
     "identifier_type_id":"INTL",
     "identifier":"1234",
     "is_void":"False",
     "person_id":8
  }
  },
  {
     "pk":26,
     "model":"cpovc_registry.RegPersonsExternalIds",
     "fields": {
     "identifier_type_id":"IMAN",
     "identifier":"1988133471",
     "is_void":"False",
     "person_id":8
  }
  },
  {
     "pk":27,
     "model":"cpovc_registry.RegPersonsExternalIds",
     "fields": {
     "identifier_type_id":"CPHA",
     "identifier":"Garissa",
     "is_void":"False",
     "person_id":8
  }
  },
  {
     "pk":28,
     "model":"cpovc_registry.RegPersonsExternalIds",
     "fields": {
     "identifier_type_id":"IWKF",
     "identifier":"1988133471",
     "is_void":"False",
     "person_id":8
  }
  },
  {
     "pk":29,
     "model":"cpovc_registry.RegPersonsExternalIds",
     "fields": {
     "identifier_type_id":"INTL",
     "identifier":"1234",
     "is_void":"False",
     "person_id":9
  }
  },
  {
     "pk":30,
     "model":"cpovc_registry.RegPersonsExternalIds",
     "fields": {
     "identifier_type_id":"IMAN",
     "identifier":"1983099151",
     "is_void":"False",
     "person_id":9
  }
  },
  {
     "pk":31,
     "model":"cpovc_registry.RegPersonsExternalIds",
     "fields": {
     "identifier_type_id":"CPHA",
     "identifier":"Homa-Bay",
     "is_void":"False",
     "person_id":9
  }
  },
  {
     "pk":32,
     "model":"cpovc_registry.RegPersonsExternalIds",
     "fields": {
     "identifier_type_id":"IWKF",
     "identifier":"1983099151",
     "is_void":"False",
     "person_id":9
  }
  },
  {
     "pk":33,
     "model":"cpovc_registry.RegPersonsExternalIds",
     "fields": {
     "identifier_type_id":"INTL",
     "identifier":"1234",
     "is_void":"False",
     "person_id":10
  }
  },
  {
     "pk":34,
     "model":"cpovc_registry.RegPersonsExternalIds",
     "fields": {
     "identifier_type_id":"IMAN",
     "identifier":"1992052768",
     "is_void":"False",
     "person_id":10
  }
  },
  {
     "pk":35,
     "model":"cpovc_registry.RegPersonsExternalIds",
     "fields": {
     "identifier_type_id":"CPHA",
     "identifier":"Isiolo",
     "is_void":"False",
     "person_id":10
  }
  },
  {
     "pk":36,
     "model":"cpovc_registry.RegPersonsExternalIds",
     "fields": {
     "identifier_type_id":"IWKF",
     "identifier":"1992052768",
     "is_void":"False",
     "person_id":10
  }
  },
  {
     "pk":37,
     "model":"cpovc_registry.RegPersonsExternalIds",
     "fields": {
     "identifier_type_id":"INTL",
     "identifier":"1234",
     "is_void":"False",
     "person_id":11
  }
  },
  {
     "pk":38,
     "model":"cpovc_registry.RegPersonsExternalIds",
     "fields": {
     "identifier_type_id":"IMAN",
     "identifier":"1998001016",
     "is_void":"False",
     "person_id":11
  }
  },
  {
     "pk":39,
     "model":"cpovc_registry.RegPersonsExternalIds",
     "fields": {
     "identifier_type_id":"CPHA",
     "identifier":"Kajiado",
     "is_void":"False",
     "person_id":11
  }
  },
  {
     "pk":40,
     "model":"cpovc_registry.RegPersonsExternalIds",
     "fields": {
     "identifier_type_id":"IWKF",
     "identifier":"1998001016",
     "is_void":"False",
     "person_id":11
  }
  },
  {
     "pk":41,
     "model":"cpovc_registry.RegPersonsExternalIds",
     "fields": {
     "identifier_type_id":"INTL",
     "identifier":"1234",
     "is_void":"False",
     "person_id":12
  }
  },
  {
     "pk":42,
     "model":"cpovc_registry.RegPersonsExternalIds",
     "fields": {
     "identifier_type_id":"IMAN",
     "identifier":"1985104619",
     "is_void":"False",
     "person_id":12
  }
  },
  {
     "pk":43,
     "model":"cpovc_registry.RegPersonsExternalIds",
     "fields": {
     "identifier_type_id":"CPHA",
     "identifier":"Kakamega",
     "is_void":"False",
     "person_id":12
  }
  },
  {
     "pk":44,
     "model":"cpovc_registry.RegPersonsExternalIds",
     "fields": {
     "identifier_type_id":"IWKF",
     "identifier":"1985104619",
     "is_void":"False",
     "person_id":12
  }
  },
  {
     "pk":45,
     "model":"cpovc_registry.RegPersonsExternalIds",
     "fields": {
     "identifier_type_id":"INTL",
     "identifier":"1234",
     "is_void":"False",
     "person_id":13
  }
  },
  {
     "pk":46,
     "model":"cpovc_registry.RegPersonsExternalIds",
     "fields": {
     "identifier_type_id":"IMAN",
     "identifier":"1989058242",
     "is_void":"False",
     "person_id":13
  }
  },
  {
     "pk":47,
     "model":"cpovc_registry.RegPersonsExternalIds",
     "fields": {
     "identifier_type_id":"CPHA",
     "identifier":"Kericho",
     "is_void":"False",
     "person_id":13
  }
  },
  {
     "pk":48,
     "model":"cpovc_registry.RegPersonsExternalIds",
     "fields": {
     "identifier_type_id":"IWKF",
     "identifier":"1989058242",
     "is_void":"False",
     "person_id":13
  }
  },
  {
     "pk":49,
     "model":"cpovc_registry.RegPersonsExternalIds",
     "fields": {
     "identifier_type_id":"INTL",
     "identifier":"1234",
     "is_void":"False",
     "person_id":14
  }
  },
  {
     "pk":50,
     "model":"cpovc_registry.RegPersonsExternalIds",
     "fields": {
     "identifier_type_id":"IMAN",
     "identifier":"1994006763",
     "is_void":"False",
     "person_id":14
  }
  },
  {
     "pk":51,
     "model":"cpovc_registry.RegPersonsExternalIds",
     "fields": {
     "identifier_type_id":"CPHA",
     "identifier":"Kiambu",
     "is_void":"False",
     "person_id":14
  }
  },
  {
     "pk":52,
     "model":"cpovc_registry.RegPersonsExternalIds",
     "fields": {
     "identifier_type_id":"IWKF",
     "identifier":"1994006763",
     "is_void":"False",
     "person_id":14
  }
  },
  {
     "pk":53,
     "model":"cpovc_registry.RegPersonsExternalIds",
     "fields": {
     "identifier_type_id":"INTL",
     "identifier":"1234",
     "is_void":"False",
     "person_id":15
  }
  },
  {
     "pk":54,
     "model":"cpovc_registry.RegPersonsExternalIds",
     "fields": {
     "identifier_type_id":"IMAN",
     "identifier":"1992054370",
     "is_void":"False",
     "person_id":15
  }
  },
  {
     "pk":55,
     "model":"cpovc_registry.RegPersonsExternalIds",
     "fields": {
     "identifier_type_id":"CPHA",
     "identifier":"Kilifi",
     "is_void":"False",
     "person_id":15
  }
  },
  {
     "pk":56,
     "model":"cpovc_registry.RegPersonsExternalIds",
     "fields": {
     "identifier_type_id":"IWKF",
     "identifier":"1992054370",
     "is_void":"False",
     "person_id":15
  }
  },
  {
     "pk":57,
     "model":"cpovc_registry.RegPersonsExternalIds",
     "fields": {
     "identifier_type_id":"INTL",
     "identifier":"1234",
     "is_void":"False",
     "person_id":16
  }
  },
  {
     "pk":58,
     "model":"cpovc_registry.RegPersonsExternalIds",
     "fields": {
     "identifier_type_id":"IMAN",
     "identifier":"1998001391",
     "is_void":"False",
     "person_id":16
  }
  },
  {
     "pk":59,
     "model":"cpovc_registry.RegPersonsExternalIds",
     "fields": {
     "identifier_type_id":"CPHA",
     "identifier":"Kirinyaga",
     "is_void":"False",
     "person_id":16
  }
  },
  {
     "pk":60,
     "model":"cpovc_registry.RegPersonsExternalIds",
     "fields": {
     "identifier_type_id":"IWKF",
     "identifier":"1998001391",
     "is_void":"False",
     "person_id":16
  }
  },
  {
     "pk":61,
     "model":"cpovc_registry.RegPersonsExternalIds",
     "fields": {
     "identifier_type_id":"INTL",
     "identifier":"1234",
     "is_void":"False",
     "person_id":17
  }
  },
  {
     "pk":62,
     "model":"cpovc_registry.RegPersonsExternalIds",
     "fields": {
     "identifier_type_id":"IMAN",
     "identifier":"1998000808",
     "is_void":"False",
     "person_id":17
  }
  },
  {
     "pk":63,
     "model":"cpovc_registry.RegPersonsExternalIds",
     "fields": {
     "identifier_type_id":"CPHA",
     "identifier":"Kisii",
     "is_void":"False",
     "person_id":17
  }
  },
  {
     "pk":64,
     "model":"cpovc_registry.RegPersonsExternalIds",
     "fields": {
     "identifier_type_id":"IWKF",
     "identifier":"1998000808",
     "is_void":"False",
     "person_id":17
  }
  },
  {
     "pk":65,
     "model":"cpovc_registry.RegPersonsExternalIds",
     "fields": {
     "identifier_type_id":"INTL",
     "identifier":"1234",
     "is_void":"False",
     "person_id":18
  }
  },
  {
     "pk":66,
     "model":"cpovc_registry.RegPersonsExternalIds",
     "fields": {
     "identifier_type_id":"IMAN",
     "identifier":"1989010359",
     "is_void":"False",
     "person_id":18
  }
  },
  {
     "pk":67,
     "model":"cpovc_registry.RegPersonsExternalIds",
     "fields": {
     "identifier_type_id":"CPHA",
     "identifier":"Kisumu",
     "is_void":"False",
     "person_id":18
  }
  },
  {
     "pk":68,
     "model":"cpovc_registry.RegPersonsExternalIds",
     "fields": {
     "identifier_type_id":"IWKF",
     "identifier":"1989010359",
     "is_void":"False",
     "person_id":18
  }
  },
  {
     "pk":69,
     "model":"cpovc_registry.RegPersonsExternalIds",
     "fields": {
     "identifier_type_id":"INTL",
     "identifier":"1234",
     "is_void":"False",
     "person_id":19
  }
  },
  {
     "pk":70,
     "model":"cpovc_registry.RegPersonsExternalIds",
     "fields": {
     "identifier_type_id":"IMAN",
     "identifier":"1998044569",
     "is_void":"False",
     "person_id":19
  }
  },
  {
     "pk":71,
     "model":"cpovc_registry.RegPersonsExternalIds",
     "fields": {
     "identifier_type_id":"CPHA",
     "identifier":"Kitui",
     "is_void":"False",
     "person_id":19
  }
  },
  {
     "pk":72,
     "model":"cpovc_registry.RegPersonsExternalIds",
     "fields": {
     "identifier_type_id":"IWKF",
     "identifier":"1998044569",
     "is_void":"False",
     "person_id":19
  }
  },
  {
     "pk":73,
     "model":"cpovc_registry.RegPersonsExternalIds",
     "fields": {
     "identifier_type_id":"INTL",
     "identifier":"1234",
     "is_void":"False",
     "person_id":20
  }
  },
  {
     "pk":74,
     "model":"cpovc_registry.RegPersonsExternalIds",
     "fields": {
     "identifier_type_id":"IMAN",
     "identifier":"1998000751",
     "is_void":"False",
     "person_id":20
  }
  },
  {
     "pk":75,
     "model":"cpovc_registry.RegPersonsExternalIds",
     "fields": {
     "identifier_type_id":"CPHA",
     "identifier":"Kwale",
     "is_void":"False",
     "person_id":20
  }
  },
  {
     "pk":76,
     "model":"cpovc_registry.RegPersonsExternalIds",
     "fields": {
     "identifier_type_id":"IWKF",
     "identifier":"1998000751",
     "is_void":"False",
     "person_id":20
  }
  },
  {
     "pk":77,
     "model":"cpovc_registry.RegPersonsExternalIds",
     "fields": {
     "identifier_type_id":"INTL",
     "identifier":"1234",
     "is_void":"False",
     "person_id":21
  }
  },
  {
     "pk":78,
     "model":"cpovc_registry.RegPersonsExternalIds",
     "fields": {
     "identifier_type_id":"IMAN",
     "identifier":"1990170188",
     "is_void":"False",
     "person_id":21
  }
  },
  {
     "pk":79,
     "model":"cpovc_registry.RegPersonsExternalIds",
     "fields": {
     "identifier_type_id":"CPHA",
     "identifier":"Laikipia",
     "is_void":"False",
     "person_id":21
  }
  },
  {
     "pk":80,
     "model":"cpovc_registry.RegPersonsExternalIds",
     "fields": {
     "identifier_type_id":"IWKF",
     "identifier":"1990170188",
     "is_void":"False",
     "person_id":21
  }
  },
  {
     "pk":81,
     "model":"cpovc_registry.RegPersonsExternalIds",
     "fields": {
     "identifier_type_id":"INTL",
     "identifier":"1234",
     "is_void":"False",
     "person_id":22
  }
  },
  {
     "pk":82,
     "model":"cpovc_registry.RegPersonsExternalIds",
     "fields": {
     "identifier_type_id":"IMAN",
     "identifier":"1991192803",
     "is_void":"False",
     "person_id":22
  }
  },
  {
     "pk":83,
     "model":"cpovc_registry.RegPersonsExternalIds",
     "fields": {
     "identifier_type_id":"CPHA",
     "identifier":"Lamu",
     "is_void":"False",
     "person_id":22
  }
  },
  {
     "pk":84,
     "model":"cpovc_registry.RegPersonsExternalIds",
     "fields": {
     "identifier_type_id":"IWKF",
     "identifier":"1991192803",
     "is_void":"False",
     "person_id":22
  }
  },
  {
     "pk":85,
     "model":"cpovc_registry.RegPersonsExternalIds",
     "fields": {
     "identifier_type_id":"INTL",
     "identifier":"1234",
     "is_void":"False",
     "person_id":23
  }
  },
  {
     "pk":86,
     "model":"cpovc_registry.RegPersonsExternalIds",
     "fields": {
     "identifier_type_id":"IMAN",
     "identifier":"1992052970",
     "is_void":"False",
     "person_id":23
  }
  },
  {
     "pk":87,
     "model":"cpovc_registry.RegPersonsExternalIds",
     "fields": {
     "identifier_type_id":"CPHA",
     "identifier":"Machakos",
     "is_void":"False",
     "person_id":23
  }
  },
  {
     "pk":88,
     "model":"cpovc_registry.RegPersonsExternalIds",
     "fields": {
     "identifier_type_id":"IWKF",
     "identifier":"1992052970",
     "is_void":"False",
     "person_id":23
  }
  },
  {
     "pk":89,
     "model":"cpovc_registry.RegPersonsExternalIds",
     "fields": {
     "identifier_type_id":"INTL",
     "identifier":"1234",
     "is_void":"False",
     "person_id":24
  }
  },
  {
     "pk":90,
     "model":"cpovc_registry.RegPersonsExternalIds",
     "fields": {
     "identifier_type_id":"IMAN",
     "identifier":"1983089740",
     "is_void":"False",
     "person_id":24
  }
  },
  {
     "pk":91,
     "model":"cpovc_registry.RegPersonsExternalIds",
     "fields": {
     "identifier_type_id":"CPHA",
     "identifier":"Makueni",
     "is_void":"False",
     "person_id":24
  }
  },
  {
     "pk":92,
     "model":"cpovc_registry.RegPersonsExternalIds",
     "fields": {
     "identifier_type_id":"IWKF",
     "identifier":"1983089740",
     "is_void":"False",
     "person_id":24
  }
  },
  {
     "pk":93,
     "model":"cpovc_registry.RegPersonsExternalIds",
     "fields": {
     "identifier_type_id":"INTL",
     "identifier":"1234",
     "is_void":"False",
     "person_id":25
  }
  },
  {
     "pk":94,
     "model":"cpovc_registry.RegPersonsExternalIds",
     "fields": {
     "identifier_type_id":"IMAN",
     "identifier":"2011304482",
     "is_void":"False",
     "person_id":25
  }
  },
  {
     "pk":95,
     "model":"cpovc_registry.RegPersonsExternalIds",
     "fields": {
     "identifier_type_id":"CPHA",
     "identifier":"Mandera",
     "is_void":"False",
     "person_id":25
  }
  },
  {
     "pk":96,
     "model":"cpovc_registry.RegPersonsExternalIds",
     "fields": {
     "identifier_type_id":"IWKF",
     "identifier":"2011304482",
     "is_void":"False",
     "person_id":25
  }
  },
  {
     "pk":97,
     "model":"cpovc_registry.RegPersonsExternalIds",
     "fields": {
     "identifier_type_id":"INTL",
     "identifier":"1234",
     "is_void":"False",
     "person_id":26
  }
  },
  {
     "pk":98,
     "model":"cpovc_registry.RegPersonsExternalIds",
     "fields": {
     "identifier_type_id":"IMAN",
     "identifier":"1989102910",
     "is_void":"False",
     "person_id":26
  }
  },
  {
     "pk":99,
     "model":"cpovc_registry.RegPersonsExternalIds",
     "fields": {
     "identifier_type_id":"CPHA",
     "identifier":"Marsabit",
     "is_void":"False",
     "person_id":26
  }
  },
  {
     "pk":100,
     "model":"cpovc_registry.RegPersonsExternalIds",
     "fields": {
     "identifier_type_id":"IWKF",
     "identifier":"1989102910",
     "is_void":"False",
     "person_id":26
  }
  },
  {
     "pk":101,
     "model":"cpovc_registry.RegPersonsExternalIds",
     "fields": {
     "identifier_type_id":"INTL",
     "identifier":"1234",
     "is_void":"False",
     "person_id":27
  }
  },
  {
     "pk":102,
     "model":"cpovc_registry.RegPersonsExternalIds",
     "fields": {
     "identifier_type_id":"IMAN",
     "identifier":"1993074789",
     "is_void":"False",
     "person_id":27
  }
  },
  {
     "pk":103,
     "model":"cpovc_registry.RegPersonsExternalIds",
     "fields": {
     "identifier_type_id":"CPHA",
     "identifier":"Meru",
     "is_void":"False",
     "person_id":27
  }
  },
  {
     "pk":104,
     "model":"cpovc_registry.RegPersonsExternalIds",
     "fields": {
     "identifier_type_id":"IWKF",
     "identifier":"1993074789",
     "is_void":"False",
     "person_id":27
  }
  },
  {
     "pk":105,
     "model":"cpovc_registry.RegPersonsExternalIds",
     "fields": {
     "identifier_type_id":"INTL",
     "identifier":"1234",
     "is_void":"False",
     "person_id":28
  }
  },
  {
     "pk":106,
     "model":"cpovc_registry.RegPersonsExternalIds",
     "fields": {
     "identifier_type_id":"IMAN",
     "identifier":"1991102798",
     "is_void":"False",
     "person_id":28
  }
  },
  {
     "pk":107,
     "model":"cpovc_registry.RegPersonsExternalIds",
     "fields": {
     "identifier_type_id":"CPHA",
     "identifier":"Migori",
     "is_void":"False",
     "person_id":28
  }
  },
  {
     "pk":108,
     "model":"cpovc_registry.RegPersonsExternalIds",
     "fields": {
     "identifier_type_id":"IWKF",
     "identifier":"1991102798",
     "is_void":"False",
     "person_id":28
  }
  },
  {
     "pk":109,
     "model":"cpovc_registry.RegPersonsExternalIds",
     "fields": {
     "identifier_type_id":"INTL",
     "identifier":"1234",
     "is_void":"False",
     "person_id":29
  }
  },
  {
     "pk":110,
     "model":"cpovc_registry.RegPersonsExternalIds",
     "fields": {
     "identifier_type_id":"IMAN",
     "identifier":"1990008349",
     "is_void":"False",
     "person_id":29
  }
  },
  {
     "pk":111,
     "model":"cpovc_registry.RegPersonsExternalIds",
     "fields": {
     "identifier_type_id":"CPHA",
     "identifier":"Mombasa",
     "is_void":"False",
     "person_id":29
  }
  },
  {
     "pk":112,
     "model":"cpovc_registry.RegPersonsExternalIds",
     "fields": {
     "identifier_type_id":"IWKF",
     "identifier":"1990008349",
     "is_void":"False",
     "person_id":29
  }
  },
  {
     "pk":113,
     "model":"cpovc_registry.RegPersonsExternalIds",
     "fields": {
     "identifier_type_id":"INTL",
     "identifier":"1234",
     "is_void":"False",
     "person_id":30
  }
  },
  {
     "pk":114,
     "model":"cpovc_registry.RegPersonsExternalIds",
     "fields": {
     "identifier_type_id":"IMAN",
     "identifier":"1994007044",
     "is_void":"False",
     "person_id":30
  }
  },
  {
     "pk":115,
     "model":"cpovc_registry.RegPersonsExternalIds",
     "fields": {
     "identifier_type_id":"CPHA",
     "identifier":"Murang�a",
     "is_void":"False",
     "person_id":30
  }
  },
  {
     "pk":116,
     "model":"cpovc_registry.RegPersonsExternalIds",
     "fields": {
     "identifier_type_id":"IWKF",
     "identifier":"1994007044",
     "is_void":"False",
     "person_id":30
  }
  },
  {
     "pk":117,
     "model":"cpovc_registry.RegPersonsExternalIds",
     "fields": {
     "identifier_type_id":"INTL",
     "identifier":"1234",
     "is_void":"False",
     "person_id":31
  }
  },
  {
     "pk":118,
     "model":"cpovc_registry.RegPersonsExternalIds",
     "fields": {
     "identifier_type_id":"IMAN",
     "identifier":"1992054362",
     "is_void":"False",
     "person_id":31
  }
  },
  {
     "pk":119,
     "model":"cpovc_registry.RegPersonsExternalIds",
     "fields": {
     "identifier_type_id":"CPHA",
     "identifier":"Nairobi",
     "is_void":"False",
     "person_id":31
  }
  },
  {
     "pk":120,
     "model":"cpovc_registry.RegPersonsExternalIds",
     "fields": {
     "identifier_type_id":"IWKF",
     "identifier":"1992054362",
     "is_void":"False",
     "person_id":31
  }
  },
  {
     "pk":121,
     "model":"cpovc_registry.RegPersonsExternalIds",
     "fields": {
     "identifier_type_id":"INTL",
     "identifier":"1234",
     "is_void":"False",
     "person_id":32
  }
  },
  {
     "pk":122,
     "model":"cpovc_registry.RegPersonsExternalIds",
     "fields": {
     "identifier_type_id":"IMAN",
     "identifier":"1990020715",
     "is_void":"False",
     "person_id":32
  }
  },
  {
     "pk":123,
     "model":"cpovc_registry.RegPersonsExternalIds",
     "fields": {
     "identifier_type_id":"CPHA",
     "identifier":"Nakuru",
     "is_void":"False",
     "person_id":32
  }
  },
  {
     "pk":124,
     "model":"cpovc_registry.RegPersonsExternalIds",
     "fields": {
     "identifier_type_id":"IWKF",
     "identifier":"1990020715",
     "is_void":"False",
     "person_id":32
  }
  },
  {
     "pk":125,
     "model":"cpovc_registry.RegPersonsExternalIds",
     "fields": {
     "identifier_type_id":"INTL",
     "identifier":"1234",
     "is_void":"False",
     "person_id":33
  }
  },
  {
     "pk":126,
     "model":"cpovc_registry.RegPersonsExternalIds",
     "fields": {
     "identifier_type_id":"IMAN",
     "identifier":"1994006187",
     "is_void":"False",
     "person_id":33
  }
  },
  {
     "pk":127,
     "model":"cpovc_registry.RegPersonsExternalIds",
     "fields": {
     "identifier_type_id":"CPHA",
     "identifier":"Nandi",
     "is_void":"False",
     "person_id":33
  }
  },
  {
     "pk":128,
     "model":"cpovc_registry.RegPersonsExternalIds",
     "fields": {
     "identifier_type_id":"IWKF",
     "identifier":"1994006187",
     "is_void":"False",
     "person_id":33
  }
  },
  {
     "pk":129,
     "model":"cpovc_registry.RegPersonsExternalIds",
     "fields": {
     "identifier_type_id":"INTL",
     "identifier":"1234",
     "is_void":"False",
     "person_id":34
  }
  },
  {
     "pk":130,
     "model":"cpovc_registry.RegPersonsExternalIds",
     "fields": {
     "identifier_type_id":"IMAN",
     "identifier":"1989008904",
     "is_void":"False",
     "person_id":34
  }
  },
  {
     "pk":131,
     "model":"cpovc_registry.RegPersonsExternalIds",
     "fields": {
     "identifier_type_id":"CPHA",
     "identifier":"Narok",
     "is_void":"False",
     "person_id":34
  }
  },
  {
     "pk":132,
     "model":"cpovc_registry.RegPersonsExternalIds",
     "fields": {
     "identifier_type_id":"IWKF",
     "identifier":"1989008904",
     "is_void":"False",
     "person_id":34
  }
  },
  {
     "pk":133,
     "model":"cpovc_registry.RegPersonsExternalIds",
     "fields": {
     "identifier_type_id":"INTL",
     "identifier":"1234",
     "is_void":"False",
     "person_id":35
  }
  },
  {
     "pk":134,
     "model":"cpovc_registry.RegPersonsExternalIds",
     "fields": {
     "identifier_type_id":"IMAN",
     "identifier":"1998044535",
     "is_void":"False",
     "person_id":35
  }
  },
  {
     "pk":135,
     "model":"cpovc_registry.RegPersonsExternalIds",
     "fields": {
     "identifier_type_id":"CPHA",
     "identifier":"Nyamira",
     "is_void":"False",
     "person_id":35
  }
  },
  {
     "pk":136,
     "model":"cpovc_registry.RegPersonsExternalIds",
     "fields": {
     "identifier_type_id":"IWKF",
     "identifier":"1998044535",
     "is_void":"False",
     "person_id":35
  }
  },
  {
     "pk":137,
     "model":"cpovc_registry.RegPersonsExternalIds",
     "fields": {
     "identifier_type_id":"INTL",
     "identifier":"1234",
     "is_void":"False",
     "person_id":36
  }
  },
  {
     "pk":138,
     "model":"cpovc_registry.RegPersonsExternalIds",
     "fields": {
     "identifier_type_id":"IMAN",
     "identifier":"1983091666",
     "is_void":"False",
     "person_id":36
  }
  },
  {
     "pk":139,
     "model":"cpovc_registry.RegPersonsExternalIds",
     "fields": {
     "identifier_type_id":"CPHA",
     "identifier":"Nyandarua",
     "is_void":"False",
     "person_id":36
  }
  },
  {
     "pk":140,
     "model":"cpovc_registry.RegPersonsExternalIds",
     "fields": {
     "identifier_type_id":"IWKF",
     "identifier":"1983091666",
     "is_void":"False",
     "person_id":36
  }
  },
  {
     "pk":141,
     "model":"cpovc_registry.RegPersonsExternalIds",
     "fields": {
     "identifier_type_id":"INTL",
     "identifier":"1234",
     "is_void":"False",
     "person_id":37
  }
  },
  {
     "pk":142,
     "model":"cpovc_registry.RegPersonsExternalIds",
     "fields": {
     "identifier_type_id":"IMAN",
     "identifier":"1994072073",
     "is_void":"False",
     "person_id":37
  }
  },
  {
     "pk":143,
     "model":"cpovc_registry.RegPersonsExternalIds",
     "fields": {
     "identifier_type_id":"CPHA",
     "identifier":"Nyeri",
     "is_void":"False",
     "person_id":37
  }
  },
  {
     "pk":144,
     "model":"cpovc_registry.RegPersonsExternalIds",
     "fields": {
     "identifier_type_id":"IWKF",
     "identifier":"1994072073",
     "is_void":"False",
     "person_id":37
  }
  },
  {
     "pk":145,
     "model":"cpovc_registry.RegPersonsExternalIds",
     "fields": {
     "identifier_type_id":"INTL",
     "identifier":"1234",
     "is_void":"False",
     "person_id":38
  }
  },
  {
     "pk":146,
     "model":"cpovc_registry.RegPersonsExternalIds",
     "fields": {
     "identifier_type_id":"IMAN",
     "identifier":"1992056217",
     "is_void":"False",
     "person_id":38
  }
  },
  {
     "pk":147,
     "model":"cpovc_registry.RegPersonsExternalIds",
     "fields": {
     "identifier_type_id":"CPHA",
     "identifier":"Samburu",
     "is_void":"False",
     "person_id":38
  }
  },
  {
     "pk":148,
     "model":"cpovc_registry.RegPersonsExternalIds",
     "fields": {
     "identifier_type_id":"IWKF",
     "identifier":"1992056217",
     "is_void":"False",
     "person_id":38
  }
  },
  {
     "pk":149,
     "model":"cpovc_registry.RegPersonsExternalIds",
     "fields": {
     "identifier_type_id":"INTL",
     "identifier":"1234",
     "is_void":"False",
     "person_id":39
  }
  },
  {
     "pk":150,
     "model":"cpovc_registry.RegPersonsExternalIds",
     "fields": {
     "identifier_type_id":"IMAN",
     "identifier":"1987121641",
     "is_void":"False",
     "person_id":39
  }
  },
  {
     "pk":151,
     "model":"cpovc_registry.RegPersonsExternalIds",
     "fields": {
     "identifier_type_id":"CPHA",
     "identifier":"Siaya",
     "is_void":"False",
     "person_id":39
  }
  },
  {
     "pk":152,
     "model":"cpovc_registry.RegPersonsExternalIds",
     "fields": {
     "identifier_type_id":"IWKF",
     "identifier":"1987121641",
     "is_void":"False",
     "person_id":39
  }
  },
  {
     "pk":153,
     "model":"cpovc_registry.RegPersonsExternalIds",
     "fields": {
     "identifier_type_id":"INTL",
     "identifier":"1234",
     "is_void":"False",
     "person_id":40
  }
  },
  {
     "pk":154,
     "model":"cpovc_registry.RegPersonsExternalIds",
     "fields": {
     "identifier_type_id":"IMAN",
     "identifier":"1998000719",
     "is_void":"False",
     "person_id":40
  }
  },
  {
     "pk":155,
     "model":"cpovc_registry.RegPersonsExternalIds",
     "fields": {
     "identifier_type_id":"CPHA",
     "identifier":"Taita Taveta",
     "is_void":"False",
     "person_id":40
  }
  },
  {
     "pk":156,
     "model":"cpovc_registry.RegPersonsExternalIds",
     "fields": {
     "identifier_type_id":"IWKF",
     "identifier":"1998000719",
     "is_void":"False",
     "person_id":40
  }
  },
  {
     "pk":157,
     "model":"cpovc_registry.RegPersonsExternalIds",
     "fields": {
     "identifier_type_id":"INTL",
     "identifier":"1234",
     "is_void":"False",
     "person_id":41
  }
  },
  {
     "pk":158,
     "model":"cpovc_registry.RegPersonsExternalIds",
     "fields": {
     "identifier_type_id":"IMAN",
     "identifier":"1998000793",
     "is_void":"False",
     "person_id":41
  }
  },
  {
     "pk":159,
     "model":"cpovc_registry.RegPersonsExternalIds",
     "fields": {
     "identifier_type_id":"CPHA",
     "identifier":"Tana River",
     "is_void":"False",
     "person_id":41
  }
  },
  {
     "pk":160,
     "model":"cpovc_registry.RegPersonsExternalIds",
     "fields": {
     "identifier_type_id":"IWKF",
     "identifier":"1998000793",
     "is_void":"False",
     "person_id":41
  }
  },
  {
     "pk":161,
     "model":"cpovc_registry.RegPersonsExternalIds",
     "fields": {
     "identifier_type_id":"INTL",
     "identifier":"1234",
     "is_void":"False",
     "person_id":42
  }
  },
  {
     "pk":162,
     "model":"cpovc_registry.RegPersonsExternalIds",
     "fields": {
     "identifier_type_id":"IMAN",
     "identifier":"1992056102",
     "is_void":"False",
     "person_id":42
  }
  },
  {
     "pk":163,
     "model":"cpovc_registry.RegPersonsExternalIds",
     "fields": {
     "identifier_type_id":"CPHA",
     "identifier":"Tharaka Nithi",
     "is_void":"False",
     "person_id":42
  }
  },
  {
     "pk":164,
     "model":"cpovc_registry.RegPersonsExternalIds",
     "fields": {
     "identifier_type_id":"IWKF",
     "identifier":"1992056102",
     "is_void":"False",
     "person_id":42
  }
  },
  {
     "pk":165,
     "model":"cpovc_registry.RegPersonsExternalIds",
     "fields": {
     "identifier_type_id":"INTL",
     "identifier":"1234",
     "is_void":"False",
     "person_id":43
  }
  },
  {
     "pk":166,
     "model":"cpovc_registry.RegPersonsExternalIds",
     "fields": {
     "identifier_type_id":"IMAN",
     "identifier":"1998000696",
     "is_void":"False",
     "person_id":43
  }
  },
  {
     "pk":167,
     "model":"cpovc_registry.RegPersonsExternalIds",
     "fields": {
     "identifier_type_id":"CPHA",
     "identifier":"Trans-Nzoia",
     "is_void":"False",
     "person_id":43
  }
  },
  {
     "pk":168,
     "model":"cpovc_registry.RegPersonsExternalIds",
     "fields": {
     "identifier_type_id":"IWKF",
     "identifier":"1998000696",
     "is_void":"False",
     "person_id":43
  }
  },
  {
     "pk":169,
     "model":"cpovc_registry.RegPersonsExternalIds",
     "fields": {
     "identifier_type_id":"INTL",
     "identifier":"1234",
     "is_void":"False",
     "person_id":44
  }
  },
  {
     "pk":170,
     "model":"cpovc_registry.RegPersonsExternalIds",
     "fields": {
     "identifier_type_id":"IMAN",
     "identifier":"1988133489",
     "is_void":"False",
     "person_id":44
  }
  },
  {
     "pk":171,
     "model":"cpovc_registry.RegPersonsExternalIds",
     "fields": {
     "identifier_type_id":"CPHA",
     "identifier":"Turkana",
     "is_void":"False",
     "person_id":44
  }
  },
  {
     "pk":172,
     "model":"cpovc_registry.RegPersonsExternalIds",
     "fields": {
     "identifier_type_id":"IWKF",
     "identifier":"1988133489",
     "is_void":"False",
     "person_id":44
  }
  },
  {
     "pk":173,
     "model":"cpovc_registry.RegPersonsExternalIds",
     "fields": {
     "identifier_type_id":"INTL",
     "identifier":"1234",
     "is_void":"False",
     "person_id":45
  }
  },
  {
     "pk":174,
     "model":"cpovc_registry.RegPersonsExternalIds",
     "fields": {
     "identifier_type_id":"IMAN",
     "identifier":"1998000549",
     "is_void":"False",
     "person_id":45
  }
  },
  {
     "pk":175,
     "model":"cpovc_registry.RegPersonsExternalIds",
     "fields": {
     "identifier_type_id":"CPHA",
     "identifier":"Uasin Gishu",
     "is_void":"False",
     "person_id":45
  }
  },
  {
     "pk":176,
     "model":"cpovc_registry.RegPersonsExternalIds",
     "fields": {
     "identifier_type_id":"IWKF",
     "identifier":"1998000549",
     "is_void":"False",
     "person_id":45
  }
  },
  {
     "pk":177,
     "model":"cpovc_registry.RegPersonsExternalIds",
     "fields": {
     "identifier_type_id":"INTL",
     "identifier":"1234",
     "is_void":"False",
     "person_id":46
  }
  },
  {
     "pk":178,
     "model":"cpovc_registry.RegPersonsExternalIds",
     "fields": {
     "identifier_type_id":"IMAN",
     "identifier":"1991101441",
     "is_void":"False",
     "person_id":46
  }
  },
  {
     "pk":179,
     "model":"cpovc_registry.RegPersonsExternalIds",
     "fields": {
     "identifier_type_id":"CPHA",
     "identifier":"Vihiga",
     "is_void":"False",
     "person_id":46
  }
  },
  {
     "pk":180,
     "model":"cpovc_registry.RegPersonsExternalIds",
     "fields": {
     "identifier_type_id":"IWKF",
     "identifier":"1991101441",
     "is_void":"False",
     "person_id":46
  }
  },
  {
     "pk":181,
     "model":"cpovc_registry.RegPersonsExternalIds",
     "fields": {
     "identifier_type_id":"INTL",
     "identifier":"1234",
     "is_void":"False",
     "person_id":47
  }
  },
  {
     "pk":182,
     "model":"cpovc_registry.RegPersonsExternalIds",
     "fields": {
     "identifier_type_id":"IMAN",
     "identifier":"1986128802",
     "is_void":"False",
     "person_id":47
  }
  },
  {
     "pk":183,
     "model":"cpovc_registry.RegPersonsExternalIds",
     "fields": {
     "identifier_type_id":"CPHA",
     "identifier":"Wajir",
     "is_void":"False",
     "person_id":47
  }
  },
  {
     "pk":184,
     "model":"cpovc_registry.RegPersonsExternalIds",
     "fields": {
     "identifier_type_id":"IWKF",
     "identifier":"1986128802",
     "is_void":"False",
     "person_id":47
  }
  },
  {
     "pk":185,
     "model":"cpovc_registry.RegPersonsExternalIds",
     "fields": {
     "identifier_type_id":"INTL",
     "identifier":"1234",
     "is_void":"False",
     "person_id":48
  }
  },
  {
     "pk":186,
     "model":"cpovc_registry.RegPersonsExternalIds",
     "fields": {
     "identifier_type_id":"IMAN",
     "identifier":"1987121390",
     "is_void":"False",
     "person_id":48
  }
  },
  {
     "pk":187,
     "model":"cpovc_registry.RegPersonsExternalIds",
     "fields": {
     "identifier_type_id":"CPHA",
     "identifier":"West Pokot",
     "is_void":"False",
     "person_id":48
  }
  },
  {
     "pk":188,
     "model":"cpovc_registry.RegPersonsExternalIds",
     "fields": {
     "identifier_type_id":"IWKF",
     "identifier":"1987121390",
     "is_void":"False",
     "person_id":48
  }
  }]