[
  {
     "pk":1,
     "model":"cpovc_registry.RegPersonsOrgUnits",
     "fields": {
     "date_linked":"2017-06-13",
     "date_delinked": null,
     "primary_unit":"True",
     "reg_assistant":"True",
     "is_void":"False",
     "org_unit_id":9,
     "person_id":2
  }
  },
  {
     "pk":2,
     "model":"cpovc_registry.RegPersonsOrgUnits",
     "fields": {
     "date_linked":"2017-06-13",
     "date_delinked": null,
     "primary_unit":"True",
     "reg_assistant":"True",
     "is_void":"False",
     "org_unit_id":10,
     "person_id":3
  }
  },
  {
     "pk":3,
     "model":"cpovc_registry.RegPersonsOrgUnits",
     "fields": {
     "date_linked":"2017-06-13",
     "date_delinked": null,
     "primary_unit":"True",
     "reg_assistant":"True",
     "is_void":"False",
     "org_unit_id":11,
     "person_id":4
  }
  },
  {
     "pk":4,
     "model":"cpovc_registry.RegPersonsOrgUnits",
     "fields": {
     "date_linked":"2017-06-13",
     "date_delinked": null,
     "primary_unit":"True",
     "reg_assistant":"True",
     "is_void":"False",
     "org_unit_id":12,
     "person_id":5
  }
  },
  {
     "pk":5,
     "model":"cpovc_registry.RegPersonsOrgUnits",
     "fields": {
     "date_linked":"2017-06-13",
     "date_delinked": null,
     "primary_unit":"True",
     "reg_assistant":"True",
     "is_void":"False",
     "org_unit_id":13,
     "person_id":6
  }
  },
  {
     "pk":6,
     "model":"cpovc_registry.RegPersonsOrgUnits",
     "fields": {
     "date_linked":"2017-06-13",
     "date_delinked": null,
     "primary_unit":"True",
     "reg_assistant":"True",
     "is_void":"False",
     "org_unit_id":14,
     "person_id":7
  }
  },
  {
     "pk":7,
     "model":"cpovc_registry.RegPersonsOrgUnits",
     "fields": {
     "date_linked":"2017-06-13",
     "date_delinked": null,
     "primary_unit":"True",
     "reg_assistant":"True",
     "is_void":"False",
     "org_unit_id":15,
     "person_id":8
  }
  },
  {
     "pk":8,
     "model":"cpovc_registry.RegPersonsOrgUnits",
     "fields": {
     "date_linked":"2017-06-13",
     "date_delinked": null,
     "primary_unit":"True",
     "reg_assistant":"True",
     "is_void":"False",
     "org_unit_id":16,
     "person_id":9
  }
  },
  {
     "pk":9,
     "model":"cpovc_registry.RegPersonsOrgUnits",
     "fields": {
     "date_linked":"2017-06-13",
     "date_delinked": null,
     "primary_unit":"True",
     "reg_assistant":"True",
     "is_void":"False",
     "org_unit_id":17,
     "person_id":10
  }
  },
  {
     "pk":10,
     "model":"cpovc_registry.RegPersonsOrgUnits",
     "fields": {
     "date_linked":"2017-06-13",
     "date_delinked": null,
     "primary_unit":"True",
     "reg_assistant":"True",
     "is_void":"False",
     "org_unit_id":18,
     "person_id":11
  }
  },
  {
     "pk":11,
     "model":"cpovc_registry.RegPersonsOrgUnits",
     "fields": {
     "date_linked":"2017-06-13",
     "date_delinked": null,
     "primary_unit":"True",
     "reg_assistant":"True",
     "is_void":"False",
     "org_unit_id":19,
     "person_id":12
  }
  },
  {
     "pk":12,
     "model":"cpovc_registry.RegPersonsOrgUnits",
     "fields": {
     "date_linked":"2017-06-13",
     "date_delinked": null,
     "primary_unit":"True",
     "reg_assistant":"True",
     "is_void":"False",
     "org_unit_id":20,
     "person_id":13
  }
  },
  {
     "pk":13,
     "model":"cpovc_registry.RegPersonsOrgUnits",
     "fields": {
     "date_linked":"2017-06-13",
     "date_delinked": null,
     "primary_unit":"True",
     "reg_assistant":"True",
     "is_void":"False",
     "org_unit_id":21,
     "person_id":14
  }
  },
  {
     "pk":14,
     "model":"cpovc_registry.RegPersonsOrgUnits",
     "fields": {
     "date_linked":"2017-06-13",
     "date_delinked": null,
     "primary_unit":"True",
     "reg_assistant":"True",
     "is_void":"False",
     "org_unit_id":22,
     "person_id":15
  }
  },
  {
     "pk":15,
     "model":"cpovc_registry.RegPersonsOrgUnits",
     "fields": {
     "date_linked":"2017-06-13",
     "date_delinked": null,
     "primary_unit":"True",
     "reg_assistant":"True",
     "is_void":"False",
     "org_unit_id":23,
     "person_id":16
  }
  },
  {
     "pk":16,
     "model":"cpovc_registry.RegPersonsOrgUnits",
     "fields": {
     "date_linked":"2017-06-13",
     "date_delinked": null,
     "primary_unit":"True",
     "reg_assistant":"True",
     "is_void":"False",
     "org_unit_id":24,
     "person_id":17
  }
  },
  {
     "pk":17,
     "model":"cpovc_registry.RegPersonsOrgUnits",
     "fields": {
     "date_linked":"2017-06-13",
     "date_delinked": null,
     "primary_unit":"True",
     "reg_assistant":"True",
     "is_void":"False",
     "org_unit_id":25,
     "person_id":18
  }
  },
  {
     "pk":18,
     "model":"cpovc_registry.RegPersonsOrgUnits",
     "fields": {
     "date_linked":"2017-06-13",
     "date_delinked": null,
     "primary_unit":"True",
     "reg_assistant":"True",
     "is_void":"False",
     "org_unit_id":26,
     "person_id":19
  }
  },
  {
     "pk":19,
     "model":"cpovc_registry.RegPersonsOrgUnits",
     "fields": {
     "date_linked":"2017-06-13",
     "date_delinked": null,
     "primary_unit":"True",
     "reg_assistant":"True",
     "is_void":"False",
     "org_unit_id":27,
     "person_id":20
  }
  },
  {
     "pk":20,
     "model":"cpovc_registry.RegPersonsOrgUnits",
     "fields": {
     "date_linked":"2017-06-13",
     "date_delinked": null,
     "primary_unit":"True",
     "reg_assistant":"True",
     "is_void":"False",
     "org_unit_id":28,
     "person_id":21
  }
  },
  {
     "pk":21,
     "model":"cpovc_registry.RegPersonsOrgUnits",
     "fields": {
     "date_linked":"2017-06-13",
     "date_delinked": null,
     "primary_unit":"True",
     "reg_assistant":"True",
     "is_void":"False",
     "org_unit_id":29,
     "person_id":22
  }
  },
  {
     "pk":22,
     "model":"cpovc_registry.RegPersonsOrgUnits",
     "fields": {
     "date_linked":"2017-06-13",
     "date_delinked": null,
     "primary_unit":"True",
     "reg_assistant":"True",
     "is_void":"False",
     "org_unit_id":30,
     "person_id":23
  }
  },
  {
     "pk":23,
     "model":"cpovc_registry.RegPersonsOrgUnits",
     "fields": {
     "date_linked":"2017-06-13",
     "date_delinked": null,
     "primary_unit":"True",
     "reg_assistant":"True",
     "is_void":"False",
     "org_unit_id":31,
     "person_id":24
  }
  },
  {
     "pk":24,
     "model":"cpovc_registry.RegPersonsOrgUnits",
     "fields": {
     "date_linked":"2017-06-13",
     "date_delinked": null,
     "primary_unit":"True",
     "reg_assistant":"True",
     "is_void":"False",
     "org_unit_id":32,
     "person_id":25
  }
  },
  {
     "pk":25,
     "model":"cpovc_registry.RegPersonsOrgUnits",
     "fields": {
     "date_linked":"2017-06-13",
     "date_delinked": null,
     "primary_unit":"True",
     "reg_assistant":"True",
     "is_void":"False",
     "org_unit_id":33,
     "person_id":26
  }
  },
  {
     "pk":26,
     "model":"cpovc_registry.RegPersonsOrgUnits",
     "fields": {
     "date_linked":"2017-06-13",
     "date_delinked": null,
     "primary_unit":"True",
     "reg_assistant":"True",
     "is_void":"False",
     "org_unit_id":34,
     "person_id":27
  }
  },
  {
     "pk":27,
     "model":"cpovc_registry.RegPersonsOrgUnits",
     "fields": {
     "date_linked":"2017-06-13",
     "date_delinked": null,
     "primary_unit":"True",
     "reg_assistant":"True",
     "is_void":"False",
     "org_unit_id":35,
     "person_id":28
  }
  },
  {
     "pk":28,
     "model":"cpovc_registry.RegPersonsOrgUnits",
     "fields": {
     "date_linked":"2017-06-13",
     "date_delinked": null,
     "primary_unit":"True",
     "reg_assistant":"True",
     "is_void":"False",
     "org_unit_id":36,
     "person_id":29
  }
  },
  {
     "pk":29,
     "model":"cpovc_registry.RegPersonsOrgUnits",
     "fields": {
     "date_linked":"2017-06-13",
     "date_delinked": null,
     "primary_unit":"True",
     "reg_assistant":"True",
     "is_void":"False",
     "org_unit_id":37,
     "person_id":30
  }
  },
  {
     "pk":30,
     "model":"cpovc_registry.RegPersonsOrgUnits",
     "fields": {
     "date_linked":"2017-06-13",
     "date_delinked": null,
     "primary_unit":"True",
     "reg_assistant":"True",
     "is_void":"False",
     "org_unit_id":38,
     "person_id":31
  }
  },
  {
     "pk":31,
     "model":"cpovc_registry.RegPersonsOrgUnits",
     "fields": {
     "date_linked":"2017-06-13",
     "date_delinked": null,
     "primary_unit":"True",
     "reg_assistant":"True",
     "is_void":"False",
     "org_unit_id":39,
     "person_id":32
  }
  },
  {
     "pk":32,
     "model":"cpovc_registry.RegPersonsOrgUnits",
     "fields": {
     "date_linked":"2017-06-13",
     "date_delinked": null,
     "primary_unit":"True",
     "reg_assistant":"True",
     "is_void":"False",
     "org_unit_id":40,
     "person_id":33
  }
  },
  {
     "pk":33,
     "model":"cpovc_registry.RegPersonsOrgUnits",
     "fields": {
     "date_linked":"2017-06-13",
     "date_delinked": null,
     "primary_unit":"True",
     "reg_assistant":"True",
     "is_void":"False",
     "org_unit_id":41,
     "person_id":34
  }
  },
  {
     "pk":34,
     "model":"cpovc_registry.RegPersonsOrgUnits",
     "fields": {
     "date_linked":"2017-06-13",
     "date_delinked": null,
     "primary_unit":"True",
     "reg_assistant":"True",
     "is_void":"False",
     "org_unit_id":42,
     "person_id":35
  }
  },
  {
     "pk":35,
     "model":"cpovc_registry.RegPersonsOrgUnits",
     "fields": {
     "date_linked":"2017-06-13",
     "date_delinked": null,
     "primary_unit":"True",
     "reg_assistant":"True",
     "is_void":"False",
     "org_unit_id":43,
     "person_id":36
  }
  },
  {
     "pk":36,
     "model":"cpovc_registry.RegPersonsOrgUnits",
     "fields": {
     "date_linked":"2017-06-13",
     "date_delinked": null,
     "primary_unit":"True",
     "reg_assistant":"True",
     "is_void":"False",
     "org_unit_id":44,
     "person_id":37
  }
  },
  {
     "pk":37,
     "model":"cpovc_registry.RegPersonsOrgUnits",
     "fields": {
     "date_linked":"2017-06-13",
     "date_delinked": null,
     "primary_unit":"True",
     "reg_assistant":"True",
     "is_void":"False",
     "org_unit_id":45,
     "person_id":38
  }
  },
  {
     "pk":38,
     "model":"cpovc_registry.RegPersonsOrgUnits",
     "fields": {
     "date_linked":"2017-06-13",
     "date_delinked": null,
     "primary_unit":"True",
     "reg_assistant":"True",
     "is_void":"False",
     "org_unit_id":46,
     "person_id":39
  }
  },
  {
     "pk":39,
     "model":"cpovc_registry.RegPersonsOrgUnits",
     "fields": {
     "date_linked":"2017-06-13",
     "date_delinked": null,
     "primary_unit":"True",
     "reg_assistant":"True",
     "is_void":"False",
     "org_unit_id":47,
     "person_id":40
  }
  },
  {
     "pk":40,
     "model":"cpovc_registry.RegPersonsOrgUnits",
     "fields": {
     "date_linked":"2017-06-13",
     "date_delinked": null,
     "primary_unit":"True",
     "reg_assistant":"True",
     "is_void":"False",
     "org_unit_id":48,
     "person_id":41
  }
  },
  {
     "pk":41,
     "model":"cpovc_registry.RegPersonsOrgUnits",
     "fields": {
     "date_linked":"2017-06-13",
     "date_delinked": null,
     "primary_unit":"True",
     "reg_assistant":"True",
     "is_void":"False",
     "org_unit_id":49,
     "person_id":42
  }
  },
  {
     "pk":42,
     "model":"cpovc_registry.RegPersonsOrgUnits",
     "fields": {
     "date_linked":"2017-06-13",
     "date_delinked": null,
     "primary_unit":"True",
     "reg_assistant":"True",
     "is_void":"False",
     "org_unit_id":50,
     "person_id":43
  }
  },
  {
     "pk":43,
     "model":"cpovc_registry.RegPersonsOrgUnits",
     "fields": {
     "date_linked":"2017-06-13",
     "date_delinked": null,
     "primary_unit":"True",
     "reg_assistant":"True",
     "is_void":"False",
     "org_unit_id":51,
     "person_id":44
  }
  },
  {
     "pk":44,
     "model":"cpovc_registry.RegPersonsOrgUnits",
     "fields": {
     "date_linked":"2017-06-13",
     "date_delinked": null,
     "primary_unit":"True",
     "reg_assistant":"True",
     "is_void":"False",
     "org_unit_id":52,
     "person_id":45
  }
  },
  {
     "pk":45,
     "model":"cpovc_registry.RegPersonsOrgUnits",
     "fields": {
     "date_linked":"2017-06-13",
     "date_delinked": null,
     "primary_unit":"True",
     "reg_assistant":"True",
     "is_void":"False",
     "org_unit_id":53,
     "person_id":46
  }
  },
  {
     "pk":46,
     "model":"cpovc_registry.RegPersonsOrgUnits",
     "fields": {
     "date_linked":"2017-06-13",
     "date_delinked": null,
     "primary_unit":"True",
     "reg_assistant":"True",
     "is_void":"False",
     "org_unit_id":54,
     "person_id":47
  }
  },
  {
     "pk":47,
     "model":"cpovc_registry.RegPersonsOrgUnits",
     "fields": {
     "date_linked":"2017-06-13",
     "date_delinked": null,
     "primary_unit":"True",
     "reg_assistant":"True",
     "is_void":"False",
     "org_unit_id":55,
     "person_id":48
  }
  }
]