[
  {
     "pk":1,
     "model":"cpovc_registry.RegOrgUnitGeography",
     "fields": {
    "date_linked":"2017-06-13",
    "date_delinked":null,
    "is_void":"False",
    "area_id":204,
    "org_unit_id":9
  }
},
  {
     "pk":2,
     "model":"cpovc_registry.RegOrgUnitGeography",
     "fields": {
    "date_linked":"2017-06-13",
    "date_delinked":null,
    "is_void":"False",
    "area_id":205,
    "org_unit_id":9
  }
},
  {
     "pk":3,
     "model":"cpovc_registry.RegOrgUnitGeography",
     "fields": {
    "date_linked":"2017-06-13",
    "date_delinked":null,
    "is_void":"False",
    "area_id":206,
    "org_unit_id":9
  }
},
  {
     "pk":4,
     "model":"cpovc_registry.RegOrgUnitGeography",
     "fields": {
    "date_linked":"2017-06-13",
    "date_delinked":null,
    "is_void":"False",
    "area_id":207,
    "org_unit_id":9
  }
},
  {
     "pk":5,
     "model":"cpovc_registry.RegOrgUnitGeography",
     "fields": {
    "date_linked":"2017-06-13",
    "date_delinked":null,
    "is_void":"False",
    "area_id":208,
    "org_unit_id":9
  }
},
  {
     "pk":6,
     "model":"cpovc_registry.RegOrgUnitGeography",
     "fields": {
    "date_linked":"2017-06-13",
    "date_delinked":null,
    "is_void":"False",
    "area_id":209,
    "org_unit_id":9
  }
},
  {
     "pk":7,
     "model":"cpovc_registry.RegOrgUnitGeography",
     "fields": {
    "date_linked":"2017-06-13",
    "date_delinked":null,
    "is_void":"False",
    "area_id":241,
    "org_unit_id":10
  }
},
  {
     "pk":8,
     "model":"cpovc_registry.RegOrgUnitGeography",
     "fields": {
    "date_linked":"2017-06-13",
    "date_delinked":null,
    "is_void":"False",
    "area_id":242,
    "org_unit_id":10
  }
},
  {
     "pk":9,
     "model":"cpovc_registry.RegOrgUnitGeography",
     "fields": {
    "date_linked":"2017-06-13",
    "date_delinked":null,
    "is_void":"False",
    "area_id":243,
    "org_unit_id":10
  }
},
  {
     "pk":10,
     "model":"cpovc_registry.RegOrgUnitGeography",
     "fields": {
    "date_linked":"2017-06-13",
    "date_delinked":null,
    "is_void":"False",
    "area_id":244,
    "org_unit_id":10
  }
},
  {
     "pk":11,
     "model":"cpovc_registry.RegOrgUnitGeography",
     "fields": {
    "date_linked":"2017-06-13",
    "date_delinked":null,
    "is_void":"False",
    "area_id":245,
    "org_unit_id":10
  }
},
  {
     "pk":12,
     "model":"cpovc_registry.RegOrgUnitGeography",
     "fields": {
    "date_linked":"2017-06-13",
    "date_delinked":null,
    "is_void":"False",
    "area_id":263,
    "org_unit_id":11
  }
},
  {
     "pk":13,
     "model":"cpovc_registry.RegOrgUnitGeography",
     "fields": {
    "date_linked":"2017-06-13",
    "date_delinked":null,
    "is_void":"False",
    "area_id":264,
    "org_unit_id":11
  }
},
  {
     "pk":14,
     "model":"cpovc_registry.RegOrgUnitGeography",
     "fields": {
    "date_linked":"2017-06-13",
    "date_delinked":null,
    "is_void":"False",
    "area_id":265,
    "org_unit_id":11
  }
},
  {
     "pk":15,
     "model":"cpovc_registry.RegOrgUnitGeography",
     "fields": {
    "date_linked":"2017-06-13",
    "date_delinked":null,
    "is_void":"False",
    "area_id":266,
    "org_unit_id":11
  }
},
  {
     "pk":16,
     "model":"cpovc_registry.RegOrgUnitGeography",
     "fields": {
    "date_linked":"2017-06-13",
    "date_delinked":null,
    "is_void":"False",
    "area_id":267,
    "org_unit_id":11
  }
},
  {
     "pk":17,
     "model":"cpovc_registry.RegOrgUnitGeography",
     "fields": {
    "date_linked":"2017-06-13",
    "date_delinked":null,
    "is_void":"False",
    "area_id":268,
    "org_unit_id":11
  }
},
  {
     "pk":18,
     "model":"cpovc_registry.RegOrgUnitGeography",
     "fields": {
    "date_linked":"2017-06-13",
    "date_delinked":null,
    "is_void":"False",
    "area_id":269,
    "org_unit_id":11
  }
},
  {
     "pk":19,
     "model":"cpovc_registry.RegOrgUnitGeography",
     "fields": {
    "date_linked":"2017-06-13",
    "date_delinked":null,
    "is_void":"False",
    "area_id":270,
    "org_unit_id":11
  }
},
  {
     "pk":20,
     "model":"cpovc_registry.RegOrgUnitGeography",
     "fields": {
    "date_linked":"2017-06-13",
    "date_delinked":null,
    "is_void":"False",
    "area_id":271,
    "org_unit_id":11
  }
},
  {
     "pk":21,
     "model":"cpovc_registry.RegOrgUnitGeography",
     "fields": {
    "date_linked":"2017-06-13",
    "date_delinked":null,
    "is_void":"False",
    "area_id":272,
    "org_unit_id":12
  }
},
  {
     "pk":22,
     "model":"cpovc_registry.RegOrgUnitGeography",
     "fields": {
    "date_linked":"2017-06-13",
    "date_delinked":null,
    "is_void":"False",
    "area_id":273,
    "org_unit_id":12
  }
},
  {
     "pk":23,
     "model":"cpovc_registry.RegOrgUnitGeography",
     "fields": {
    "date_linked":"2017-06-13",
    "date_delinked":null,
    "is_void":"False",
    "area_id":274,
    "org_unit_id":12
  }
},
  {
     "pk":24,
     "model":"cpovc_registry.RegOrgUnitGeography",
     "fields": {
    "date_linked":"2017-06-13",
    "date_delinked":null,
    "is_void":"False",
    "area_id":275,
    "org_unit_id":12
  }
},
  {
     "pk":25,
     "model":"cpovc_registry.RegOrgUnitGeography",
     "fields": {
    "date_linked":"2017-06-13",
    "date_delinked":null,
    "is_void":"False",
    "area_id":276,
    "org_unit_id":12
  }
},
  {
     "pk":26,
     "model":"cpovc_registry.RegOrgUnitGeography",
     "fields": {
    "date_linked":"2017-06-13",
    "date_delinked":null,
    "is_void":"False",
    "area_id":277,
    "org_unit_id":12
  }
},
  {
     "pk":27,
     "model":"cpovc_registry.RegOrgUnitGeography",
     "fields": {
    "date_linked":"2017-06-13",
    "date_delinked":null,
    "is_void":"False",
    "area_id":278,
    "org_unit_id":12
  }
},
  {
     "pk":28,
     "model":"cpovc_registry.RegOrgUnitGeography",
     "fields": {
    "date_linked":"2017-06-13",
    "date_delinked":null,
    "is_void":"False",
    "area_id":194,
    "org_unit_id":13
  }
},
  {
     "pk":29,
     "model":"cpovc_registry.RegOrgUnitGeography",
     "fields": {
    "date_linked":"2017-06-13",
    "date_delinked":null,
    "is_void":"False",
    "area_id":195,
    "org_unit_id":13
  }
},
  {
     "pk":30,
     "model":"cpovc_registry.RegOrgUnitGeography",
     "fields": {
    "date_linked":"2017-06-13",
    "date_delinked":null,
    "is_void":"False",
    "area_id":196,
    "org_unit_id":13
  }
},
  {
     "pk":31,
     "model":"cpovc_registry.RegOrgUnitGeography",
     "fields": {
    "date_linked":"2017-06-13",
    "date_delinked":null,
    "is_void":"False",
    "area_id":197,
    "org_unit_id":13
  }
},
  {
     "pk":32,
     "model":"cpovc_registry.RegOrgUnitGeography",
     "fields": {
    "date_linked":"2017-06-13",
    "date_delinked":null,
    "is_void":"False",
    "area_id":110,
    "org_unit_id":14
  }
},
  {
     "pk":33,
     "model":"cpovc_registry.RegOrgUnitGeography",
     "fields": {
    "date_linked":"2017-06-13",
    "date_delinked":null,
    "is_void":"False",
    "area_id":111,
    "org_unit_id":14
  }
},
  {
     "pk":34,
     "model":"cpovc_registry.RegOrgUnitGeography",
     "fields": {
    "date_linked":"2017-06-13",
    "date_delinked":null,
    "is_void":"False",
    "area_id":112,
    "org_unit_id":14
  }
},
  {
     "pk":35,
     "model":"cpovc_registry.RegOrgUnitGeography",
     "fields": {
    "date_linked":"2017-06-13",
    "date_delinked":null,
    "is_void":"False",
    "area_id":113,
    "org_unit_id":14
  }
},
  {
     "pk":36,
     "model":"cpovc_registry.RegOrgUnitGeography",
     "fields": {
    "date_linked":"2017-06-13",
    "date_delinked":null,
    "is_void":"False",
    "area_id":74,
    "org_unit_id":15
  }
},
  {
     "pk":37,
     "model":"cpovc_registry.RegOrgUnitGeography",
     "fields": {
    "date_linked":"2017-06-13",
    "date_delinked":null,
    "is_void":"False",
    "area_id":75,
    "org_unit_id":15
  }
},
  {
     "pk":38,
     "model":"cpovc_registry.RegOrgUnitGeography",
     "fields": {
    "date_linked":"2017-06-13",
    "date_delinked":null,
    "is_void":"False",
    "area_id":76,
    "org_unit_id":15
  }
},
  {
     "pk":39,
     "model":"cpovc_registry.RegOrgUnitGeography",
     "fields": {
    "date_linked":"2017-06-13",
    "date_delinked":null,
    "is_void":"False",
    "area_id":77,
    "org_unit_id":15
  }
},
  {
     "pk":40,
     "model":"cpovc_registry.RegOrgUnitGeography",
     "fields": {
    "date_linked":"2017-06-13",
    "date_delinked":null,
    "is_void":"False",
    "area_id":78,
    "org_unit_id":15
  }
},
  {
     "pk":41,
     "model":"cpovc_registry.RegOrgUnitGeography",
     "fields": {
    "date_linked":"2017-06-13",
    "date_delinked":null,
    "is_void":"False",
    "area_id":79,
    "org_unit_id":15
  }
},
  {
     "pk":42,
     "model":"cpovc_registry.RegOrgUnitGeography",
     "fields": {
    "date_linked":"2017-06-13",
    "date_delinked":null,
    "is_void":"False",
    "area_id":292,
    "org_unit_id":16
  }
},
  {
     "pk":43,
     "model":"cpovc_registry.RegOrgUnitGeography",
     "fields": {
    "date_linked":"2017-06-13",
    "date_delinked":null,
    "is_void":"False",
    "area_id":293,
    "org_unit_id":16
  }
},
  {
     "pk":44,
     "model":"cpovc_registry.RegOrgUnitGeography",
     "fields": {
    "date_linked":"2017-06-13",
    "date_delinked":null,
    "is_void":"False",
    "area_id":294,
    "org_unit_id":16
  }
},
  {
     "pk":45,
     "model":"cpovc_registry.RegOrgUnitGeography",
     "fields": {
    "date_linked":"2017-06-13",
    "date_delinked":null,
    "is_void":"False",
    "area_id":295,
    "org_unit_id":16
  }
},
  {
     "pk":46,
     "model":"cpovc_registry.RegOrgUnitGeography",
     "fields": {
    "date_linked":"2017-06-13",
    "date_delinked":null,
    "is_void":"False",
    "area_id":296,
    "org_unit_id":16
  }
},
  {
     "pk":47,
     "model":"cpovc_registry.RegOrgUnitGeography",
     "fields": {
    "date_linked":"2017-06-13",
    "date_delinked":null,
    "is_void":"False",
    "area_id":297,
    "org_unit_id":16
  }
},
  {
     "pk":48,
     "model":"cpovc_registry.RegOrgUnitGeography",
     "fields": {
    "date_linked":"2017-06-13",
    "date_delinked":null,
    "is_void":"False",
    "area_id":298,
    "org_unit_id":16
  }
},
  {
     "pk":49,
     "model":"cpovc_registry.RegOrgUnitGeography",
     "fields": {
    "date_linked":"2017-06-13",
    "date_delinked":null,
    "is_void":"False",
    "area_id":299,
    "org_unit_id":16
  }
},
  {
     "pk":50,
     "model":"cpovc_registry.RegOrgUnitGeography",
     "fields": {
    "date_linked":"2017-06-13",
    "date_delinked":null,
    "is_void":"False",
    "area_id":96,
    "org_unit_id":17
  }
},
  {
     "pk":51,
     "model":"cpovc_registry.RegOrgUnitGeography",
     "fields": {
    "date_linked":"2017-06-13",
    "date_delinked":null,
    "is_void":"False",
    "area_id":97,
    "org_unit_id":17
  }
},
  {
     "pk":52,
     "model":"cpovc_registry.RegOrgUnitGeography",
     "fields": {
    "date_linked":"2017-06-13",
    "date_delinked":null,
    "is_void":"False",
    "area_id":230,
    "org_unit_id":18
  }
},
  {
     "pk":53,
     "model":"cpovc_registry.RegOrgUnitGeography",
     "fields": {
    "date_linked":"2017-06-13",
    "date_delinked":null,
    "is_void":"False",
    "area_id":231,
    "org_unit_id":18
  }
},
  {
     "pk":54,
     "model":"cpovc_registry.RegOrgUnitGeography",
     "fields": {
    "date_linked":"2017-06-13",
    "date_delinked":null,
    "is_void":"False",
    "area_id":232,
    "org_unit_id":18
  }
},
  {
     "pk":55,
     "model":"cpovc_registry.RegOrgUnitGeography",
     "fields": {
    "date_linked":"2017-06-13",
    "date_delinked":null,
    "is_void":"False",
    "area_id":233,
    "org_unit_id":18
  }
},
  {
     "pk":56,
     "model":"cpovc_registry.RegOrgUnitGeography",
     "fields": {
    "date_linked":"2017-06-13",
    "date_delinked":null,
    "is_void":"False",
    "area_id":234,
    "org_unit_id":18
  }
},
  {
     "pk":57,
     "model":"cpovc_registry.RegOrgUnitGeography",
     "fields": {
    "date_linked":"2017-06-13",
    "date_delinked":null,
    "is_void":"False",
    "area_id":246,
    "org_unit_id":19
  }
},
  {
     "pk":58,
     "model":"cpovc_registry.RegOrgUnitGeography",
     "fields": {
    "date_linked":"2017-06-13",
    "date_delinked":null,
    "is_void":"False",
    "area_id":247,
    "org_unit_id":19
  }
},
  {
     "pk":59,
     "model":"cpovc_registry.RegOrgUnitGeography",
     "fields": {
    "date_linked":"2017-06-13",
    "date_delinked":null,
    "is_void":"False",
    "area_id":248,
    "org_unit_id":19
  }
},
  {
     "pk":60,
     "model":"cpovc_registry.RegOrgUnitGeography",
     "fields": {
    "date_linked":"2017-06-13",
    "date_delinked":null,
    "is_void":"False",
    "area_id":249,
    "org_unit_id":19
  }
},
  {
     "pk":61,
     "model":"cpovc_registry.RegOrgUnitGeography",
     "fields": {
    "date_linked":"2017-06-13",
    "date_delinked":null,
    "is_void":"False",
    "area_id":250,
    "org_unit_id":19
  }
},
  {
     "pk":62,
     "model":"cpovc_registry.RegOrgUnitGeography",
     "fields": {
    "date_linked":"2017-06-13",
    "date_delinked":null,
    "is_void":"False",
    "area_id":251,
    "org_unit_id":19
  }
},
  {
     "pk":63,
     "model":"cpovc_registry.RegOrgUnitGeography",
     "fields": {
    "date_linked":"2017-06-13",
    "date_delinked":null,
    "is_void":"False",
    "area_id":252,
    "org_unit_id":19
  }
},
  {
     "pk":64,
     "model":"cpovc_registry.RegOrgUnitGeography",
     "fields": {
    "date_linked":"2017-06-13",
    "date_delinked":null,
    "is_void":"False",
    "area_id":253,
    "org_unit_id":19
  }
},
  {
     "pk":65,
     "model":"cpovc_registry.RegOrgUnitGeography",
     "fields": {
    "date_linked":"2017-06-13",
    "date_delinked":null,
    "is_void":"False",
    "area_id":254,
    "org_unit_id":19
  }
},
  {
     "pk":66,
     "model":"cpovc_registry.RegOrgUnitGeography",
     "fields": {
    "date_linked":"2017-06-13",
    "date_delinked":null,
    "is_void":"False",
    "area_id":255,
    "org_unit_id":19
  }
},
  {
     "pk":67,
     "model":"cpovc_registry.RegOrgUnitGeography",
     "fields": {
    "date_linked":"2017-06-13",
    "date_delinked":null,
    "is_void":"False",
    "area_id":256,
    "org_unit_id":19
  }
},
  {
     "pk":68,
     "model":"cpovc_registry.RegOrgUnitGeography",
     "fields": {
    "date_linked":"2017-06-13",
    "date_delinked":null,
    "is_void":"False",
    "area_id":257,
    "org_unit_id":19
  }
},
  {
     "pk":69,
     "model":"cpovc_registry.RegOrgUnitGeography",
     "fields": {
    "date_linked":"2017-06-13",
    "date_delinked":null,
    "is_void":"False",
    "area_id":235,
    "org_unit_id":20
  }
},
  {
     "pk":70,
     "model":"cpovc_registry.RegOrgUnitGeography",
     "fields": {
    "date_linked":"2017-06-13",
    "date_delinked":null,
    "is_void":"False",
    "area_id":236,
    "org_unit_id":20
  }
},
  {
     "pk":71,
     "model":"cpovc_registry.RegOrgUnitGeography",
     "fields": {
    "date_linked":"2017-06-13",
    "date_delinked":null,
    "is_void":"False",
    "area_id":237,
    "org_unit_id":20
  }
},
  {
     "pk":72,
     "model":"cpovc_registry.RegOrgUnitGeography",
     "fields": {
    "date_linked":"2017-06-13",
    "date_delinked":null,
    "is_void":"False",
    "area_id":238,
    "org_unit_id":20
  }
},
  {
     "pk":73,
     "model":"cpovc_registry.RegOrgUnitGeography",
     "fields": {
    "date_linked":"2017-06-13",
    "date_delinked":null,
    "is_void":"False",
    "area_id":239,
    "org_unit_id":20
  }
},
  {
     "pk":74,
     "model":"cpovc_registry.RegOrgUnitGeography",
     "fields": {
    "date_linked":"2017-06-13",
    "date_delinked":null,
    "is_void":"False",
    "area_id":240,
    "org_unit_id":20
  }
},
  {
     "pk":75,
     "model":"cpovc_registry.RegOrgUnitGeography",
     "fields": {
    "date_linked":"2017-06-13",
    "date_delinked":null,
    "is_void":"False",
    "area_id":158,
    "org_unit_id":21
  }
},
  {
     "pk":76,
     "model":"cpovc_registry.RegOrgUnitGeography",
     "fields": {
    "date_linked":"2017-06-13",
    "date_delinked":null,
    "is_void":"False",
    "area_id":159,
    "org_unit_id":21
  }
},
  {
     "pk":77,
     "model":"cpovc_registry.RegOrgUnitGeography",
     "fields": {
    "date_linked":"2017-06-13",
    "date_delinked":null,
    "is_void":"False",
    "area_id":160,
    "org_unit_id":21
  }
},
  {
     "pk":78,
     "model":"cpovc_registry.RegOrgUnitGeography",
     "fields": {
    "date_linked":"2017-06-13",
    "date_delinked":null,
    "is_void":"False",
    "area_id":161,
    "org_unit_id":21
  }
},
  {
     "pk":79,
     "model":"cpovc_registry.RegOrgUnitGeography",
     "fields": {
    "date_linked":"2017-06-13",
    "date_delinked":null,
    "is_void":"False",
    "area_id":162,
    "org_unit_id":21
  }
},
  {
     "pk":80,
     "model":"cpovc_registry.RegOrgUnitGeography",
     "fields": {
    "date_linked":"2017-06-13",
    "date_delinked":null,
    "is_void":"False",
    "area_id":163,
    "org_unit_id":21
  }
},
  {
     "pk":81,
     "model":"cpovc_registry.RegOrgUnitGeography",
     "fields": {
    "date_linked":"2017-06-13",
    "date_delinked":null,
    "is_void":"False",
    "area_id":164,
    "org_unit_id":21
  }
},
  {
     "pk":82,
     "model":"cpovc_registry.RegOrgUnitGeography",
     "fields": {
    "date_linked":"2017-06-13",
    "date_delinked":null,
    "is_void":"False",
    "area_id":165,
    "org_unit_id":21
  }
},
  {
     "pk":83,
     "model":"cpovc_registry.RegOrgUnitGeography",
     "fields": {
    "date_linked":"2017-06-13",
    "date_delinked":null,
    "is_void":"False",
    "area_id":166,
    "org_unit_id":21
  }
},
  {
     "pk":84,
     "model":"cpovc_registry.RegOrgUnitGeography",
     "fields": {
    "date_linked":"2017-06-13",
    "date_delinked":null,
    "is_void":"False",
    "area_id":167,
    "org_unit_id":21
  }
},
  {
     "pk":85,
     "model":"cpovc_registry.RegOrgUnitGeography",
     "fields": {
    "date_linked":"2017-06-13",
    "date_delinked":null,
    "is_void":"False",
    "area_id":168,
    "org_unit_id":21
  }
},
  {
     "pk":86,
     "model":"cpovc_registry.RegOrgUnitGeography",
     "fields": {
    "date_linked":"2017-06-13",
    "date_delinked":null,
    "is_void":"False",
    "area_id":169,
    "org_unit_id":21
  }
},
  {
     "pk":87,
     "model":"cpovc_registry.RegOrgUnitGeography",
     "fields": {
    "date_linked":"2017-06-13",
    "date_delinked":null,
    "is_void":"False",
    "area_id":58,
    "org_unit_id":22
  }
},
  {
     "pk":88,
     "model":"cpovc_registry.RegOrgUnitGeography",
     "fields": {
    "date_linked":"2017-06-13",
    "date_delinked":null,
    "is_void":"False",
    "area_id":59,
    "org_unit_id":22
  }
},
  {
     "pk":89,
     "model":"cpovc_registry.RegOrgUnitGeography",
     "fields": {
    "date_linked":"2017-06-13",
    "date_delinked":null,
    "is_void":"False",
    "area_id":60,
    "org_unit_id":22
  }
},
  {
     "pk":90,
     "model":"cpovc_registry.RegOrgUnitGeography",
     "fields": {
    "date_linked":"2017-06-13",
    "date_delinked":null,
    "is_void":"False",
    "area_id":61,
    "org_unit_id":22
  }
},
  {
     "pk":91,
     "model":"cpovc_registry.RegOrgUnitGeography",
     "fields": {
    "date_linked":"2017-06-13",
    "date_delinked":null,
    "is_void":"False",
    "area_id":62,
    "org_unit_id":22
  }
},
  {
     "pk":92,
     "model":"cpovc_registry.RegOrgUnitGeography",
     "fields": {
    "date_linked":"2017-06-13",
    "date_delinked":null,
    "is_void":"False",
    "area_id":63,
    "org_unit_id":22
  }
},
  {
     "pk":93,
     "model":"cpovc_registry.RegOrgUnitGeography",
     "fields": {
    "date_linked":"2017-06-13",
    "date_delinked":null,
    "is_void":"False",
    "area_id":64,
    "org_unit_id":22
  }
},
  {
     "pk":94,
     "model":"cpovc_registry.RegOrgUnitGeography",
     "fields": {
    "date_linked":"2017-06-13",
    "date_delinked":null,
    "is_void":"False",
    "area_id":147,
    "org_unit_id":23
  }
},
  {
     "pk":95,
     "model":"cpovc_registry.RegOrgUnitGeography",
     "fields": {
    "date_linked":"2017-06-13",
    "date_delinked":null,
    "is_void":"False",
    "area_id":148,
    "org_unit_id":23
  }
},
  {
     "pk":96,
     "model":"cpovc_registry.RegOrgUnitGeography",
     "fields": {
    "date_linked":"2017-06-13",
    "date_delinked":null,
    "is_void":"False",
    "area_id":149,
    "org_unit_id":23
  }
},
  {
     "pk":97,
     "model":"cpovc_registry.RegOrgUnitGeography",
     "fields": {
    "date_linked":"2017-06-13",
    "date_delinked":null,
    "is_void":"False",
    "area_id":150,
    "org_unit_id":23
  }
},
  {
     "pk":98,
     "model":"cpovc_registry.RegOrgUnitGeography",
     "fields": {
    "date_linked":"2017-06-13",
    "date_delinked":null,
    "is_void":"False",
    "area_id":308,
    "org_unit_id":24
  }
},
  {
     "pk":99,
     "model":"cpovc_registry.RegOrgUnitGeography",
     "fields": {
    "date_linked":"2017-06-13",
    "date_delinked":null,
    "is_void":"False",
    "area_id":309,
    "org_unit_id":24
  }
},
  {
     "pk":100,
     "model":"cpovc_registry.RegOrgUnitGeography",
     "fields": {
    "date_linked":"2017-06-13",
    "date_delinked":null,
    "is_void":"False",
    "area_id":310,
    "org_unit_id":24
  }
},
  {
     "pk":101,
     "model":"cpovc_registry.RegOrgUnitGeography",
     "fields": {
    "date_linked":"2017-06-13",
    "date_delinked":null,
    "is_void":"False",
    "area_id":311,
    "org_unit_id":24
  }
},
  {
     "pk":102,
     "model":"cpovc_registry.RegOrgUnitGeography",
     "fields": {
    "date_linked":"2017-06-13",
    "date_delinked":null,
    "is_void":"False",
    "area_id":312,
    "org_unit_id":24
  }
},
  {
     "pk":103,
     "model":"cpovc_registry.RegOrgUnitGeography",
     "fields": {
    "date_linked":"2017-06-13",
    "date_delinked":null,
    "is_void":"False",
    "area_id":313,
    "org_unit_id":24
  }
},
  {
     "pk":104,
     "model":"cpovc_registry.RegOrgUnitGeography",
     "fields": {
    "date_linked":"2017-06-13",
    "date_delinked":null,
    "is_void":"False",
    "area_id":314,
    "org_unit_id":24
  }
},
  {
     "pk":105,
     "model":"cpovc_registry.RegOrgUnitGeography",
     "fields": {
    "date_linked":"2017-06-13",
    "date_delinked":null,
    "is_void":"False",
    "area_id":315,
    "org_unit_id":24
  }
},
  {
     "pk":106,
     "model":"cpovc_registry.RegOrgUnitGeography",
     "fields": {
    "date_linked":"2017-06-13",
    "date_delinked":null,
    "is_void":"False",
    "area_id":316,
    "org_unit_id":24
  }
},
  {
     "pk":107,
     "model":"cpovc_registry.RegOrgUnitGeography",
     "fields": {
    "date_linked":"2017-06-13",
    "date_delinked":null,
    "is_void":"False",
    "area_id":285,
    "org_unit_id":25
  }
},
  {
     "pk":108,
     "model":"cpovc_registry.RegOrgUnitGeography",
     "fields": {
    "date_linked":"2017-06-13",
    "date_delinked":null,
    "is_void":"False",
    "area_id":286,
    "org_unit_id":25
  }
},
  {
     "pk":109,
     "model":"cpovc_registry.RegOrgUnitGeography",
     "fields": {
    "date_linked":"2017-06-13",
    "date_delinked":null,
    "is_void":"False",
    "area_id":287,
    "org_unit_id":25
  }
},
  {
     "pk":110,
     "model":"cpovc_registry.RegOrgUnitGeography",
     "fields": {
    "date_linked":"2017-06-13",
    "date_delinked":null,
    "is_void":"False",
    "area_id":288,
    "org_unit_id":25
  }
},
  {
     "pk":111,
     "model":"cpovc_registry.RegOrgUnitGeography",
     "fields": {
    "date_linked":"2017-06-13",
    "date_delinked":null,
    "is_void":"False",
    "area_id":289,
    "org_unit_id":25
  }
},
  {
     "pk":112,
     "model":"cpovc_registry.RegOrgUnitGeography",
     "fields": {
    "date_linked":"2017-06-13",
    "date_delinked":null,
    "is_void":"False",
    "area_id":290,
    "org_unit_id":25
  }
},
  {
     "pk":113,
     "model":"cpovc_registry.RegOrgUnitGeography",
     "fields": {
    "date_linked":"2017-06-13",
    "date_delinked":null,
    "is_void":"False",
    "area_id":291,
    "org_unit_id":25
  }
},
  {
     "pk":114,
     "model":"cpovc_registry.RegOrgUnitGeography",
     "fields": {
    "date_linked":"2017-06-13",
    "date_delinked":null,
    "is_void":"False",
    "area_id":114,
    "org_unit_id":26
  }
},
  {
     "pk":115,
     "model":"cpovc_registry.RegOrgUnitGeography",
     "fields": {
    "date_linked":"2017-06-13",
    "date_delinked":null,
    "is_void":"False",
    "area_id":115,
    "org_unit_id":26
  }
},
  {
     "pk":116,
     "model":"cpovc_registry.RegOrgUnitGeography",
     "fields": {
    "date_linked":"2017-06-13",
    "date_delinked":null,
    "is_void":"False",
    "area_id":116,
    "org_unit_id":26
  }
},
  {
     "pk":117,
     "model":"cpovc_registry.RegOrgUnitGeography",
     "fields": {
    "date_linked":"2017-06-13",
    "date_delinked":null,
    "is_void":"False",
    "area_id":117,
    "org_unit_id":26
  }
},
  {
     "pk":118,
     "model":"cpovc_registry.RegOrgUnitGeography",
     "fields": {
    "date_linked":"2017-06-13",
    "date_delinked":null,
    "is_void":"False",
    "area_id":118,
    "org_unit_id":26
  }
},
  {
     "pk":119,
     "model":"cpovc_registry.RegOrgUnitGeography",
     "fields": {
    "date_linked":"2017-06-13",
    "date_delinked":null,
    "is_void":"False",
    "area_id":119,
    "org_unit_id":26
  }
},
  {
     "pk":120,
     "model":"cpovc_registry.RegOrgUnitGeography",
     "fields": {
    "date_linked":"2017-06-13",
    "date_delinked":null,
    "is_void":"False",
    "area_id":120,
    "org_unit_id":26
  }
},
  {
     "pk":121,
     "model":"cpovc_registry.RegOrgUnitGeography",
     "fields": {
    "date_linked":"2017-06-13",
    "date_delinked":null,
    "is_void":"False",
    "area_id":121,
    "org_unit_id":26
  }
},
  {
     "pk":122,
     "model":"cpovc_registry.RegOrgUnitGeography",
     "fields": {
    "date_linked":"2017-06-13",
    "date_delinked":null,
    "is_void":"False",
    "area_id":54,
    "org_unit_id":27
  }
},
  {
     "pk":123,
     "model":"cpovc_registry.RegOrgUnitGeography",
     "fields": {
    "date_linked":"2017-06-13",
    "date_delinked":null,
    "is_void":"False",
    "area_id":55,
    "org_unit_id":27
  }
},
  {
     "pk":124,
     "model":"cpovc_registry.RegOrgUnitGeography",
     "fields": {
    "date_linked":"2017-06-13",
    "date_delinked":null,
    "is_void":"False",
    "area_id":56,
    "org_unit_id":27
  }
},
  {
     "pk":125,
     "model":"cpovc_registry.RegOrgUnitGeography",
     "fields": {
    "date_linked":"2017-06-13",
    "date_delinked":null,
    "is_void":"False",
    "area_id":57,
    "org_unit_id":27
  }
},
  {
     "pk":126,
     "model":"cpovc_registry.RegOrgUnitGeography",
     "fields": {
    "date_linked":"2017-06-13",
    "date_delinked":null,
    "is_void":"False",
    "area_id":210,
    "org_unit_id":28
  }
},
  {
     "pk":127,
     "model":"cpovc_registry.RegOrgUnitGeography",
     "fields": {
    "date_linked":"2017-06-13",
    "date_delinked":null,
    "is_void":"False",
    "area_id":211,
    "org_unit_id":28
  }
},
  {
     "pk":128,
     "model":"cpovc_registry.RegOrgUnitGeography",
     "fields": {
    "date_linked":"2017-06-13",
    "date_delinked":null,
    "is_void":"False",
    "area_id":212,
    "org_unit_id":28
  }
},
  {
     "pk":129,
     "model":"cpovc_registry.RegOrgUnitGeography",
     "fields": {
    "date_linked":"2017-06-13",
    "date_delinked":null,
    "is_void":"False",
    "area_id":68,
    "org_unit_id":29
  }
},
  {
     "pk":130,
     "model":"cpovc_registry.RegOrgUnitGeography",
     "fields": {
    "date_linked":"2017-06-13",
    "date_delinked":null,
    "is_void":"False",
    "area_id":69,
    "org_unit_id":29
  }
},
  {
     "pk":131,
     "model":"cpovc_registry.RegOrgUnitGeography",
     "fields": {
    "date_linked":"2017-06-13",
    "date_delinked":null,
    "is_void":"False",
    "area_id":122,
    "org_unit_id":30
  }
},
  {
     "pk":132,
     "model":"cpovc_registry.RegOrgUnitGeography",
     "fields": {
    "date_linked":"2017-06-13",
    "date_delinked":null,
    "is_void":"False",
    "area_id":123,
    "org_unit_id":30
  }
},
  {
     "pk":133,
     "model":"cpovc_registry.RegOrgUnitGeography",
     "fields": {
    "date_linked":"2017-06-13",
    "date_delinked":null,
    "is_void":"False",
    "area_id":124,
    "org_unit_id":30
  }
},
  {
     "pk":134,
     "model":"cpovc_registry.RegOrgUnitGeography",
     "fields": {
    "date_linked":"2017-06-13",
    "date_delinked":null,
    "is_void":"False",
    "area_id":125,
    "org_unit_id":30
  }
},
  {
     "pk":135,
     "model":"cpovc_registry.RegOrgUnitGeography",
     "fields": {
    "date_linked":"2017-06-13",
    "date_delinked":null,
    "is_void":"False",
    "area_id":126,
    "org_unit_id":30
  }
},
  {
     "pk":136,
     "model":"cpovc_registry.RegOrgUnitGeography",
     "fields": {
    "date_linked":"2017-06-13",
    "date_delinked":null,
    "is_void":"False",
    "area_id":127,
    "org_unit_id":30
  }
},
  {
     "pk":137,
     "model":"cpovc_registry.RegOrgUnitGeography",
     "fields": {
    "date_linked":"2017-06-13",
    "date_delinked":null,
    "is_void":"False",
    "area_id":128,
    "org_unit_id":30
  }
},
  {
     "pk":138,
     "model":"cpovc_registry.RegOrgUnitGeography",
     "fields": {
    "date_linked":"2017-06-13",
    "date_delinked":null,
    "is_void":"False",
    "area_id":129,
    "org_unit_id":30
  }
},
  {
     "pk":139,
     "model":"cpovc_registry.RegOrgUnitGeography",
     "fields": {
    "date_linked":"2017-06-13",
    "date_delinked":null,
    "is_void":"False",
    "area_id":130,
    "org_unit_id":31
  }
},
  {
     "pk":140,
     "model":"cpovc_registry.RegOrgUnitGeography",
     "fields": {
    "date_linked":"2017-06-13",
    "date_delinked":null,
    "is_void":"False",
    "area_id":131,
    "org_unit_id":31
  }
},
  {
     "pk":141,
     "model":"cpovc_registry.RegOrgUnitGeography",
     "fields": {
    "date_linked":"2017-06-13",
    "date_delinked":null,
    "is_void":"False",
    "area_id":132,
    "org_unit_id":31
  }
},
  {
     "pk":142,
     "model":"cpovc_registry.RegOrgUnitGeography",
     "fields": {
    "date_linked":"2017-06-13",
    "date_delinked":null,
    "is_void":"False",
    "area_id":133,
    "org_unit_id":31
  }
},
  {
     "pk":143,
     "model":"cpovc_registry.RegOrgUnitGeography",
     "fields": {
    "date_linked":"2017-06-13",
    "date_delinked":null,
    "is_void":"False",
    "area_id":134,
    "org_unit_id":31
  }
},
  {
     "pk":144,
     "model":"cpovc_registry.RegOrgUnitGeography",
     "fields": {
    "date_linked":"2017-06-13",
    "date_delinked":null,
    "is_void":"False",
    "area_id":135,
    "org_unit_id":31
  }
},
  {
     "pk":145,
     "model":"cpovc_registry.RegOrgUnitGeography",
     "fields": {
    "date_linked":"2017-06-13",
    "date_delinked":null,
    "is_void":"False",
    "area_id":86,
    "org_unit_id":32
  }
},
  {
     "pk":146,
     "model":"cpovc_registry.RegOrgUnitGeography",
     "fields": {
    "date_linked":"2017-06-13",
    "date_delinked":null,
    "is_void":"False",
    "area_id":87,
    "org_unit_id":32
  }
},
  {
     "pk":147,
     "model":"cpovc_registry.RegOrgUnitGeography",
     "fields": {
    "date_linked":"2017-06-13",
    "date_delinked":null,
    "is_void":"False",
    "area_id":88,
    "org_unit_id":32
  }
},
  {
     "pk":148,
     "model":"cpovc_registry.RegOrgUnitGeography",
     "fields": {
    "date_linked":"2017-06-13",
    "date_delinked":null,
    "is_void":"False",
    "area_id":89,
    "org_unit_id":32
  }
},
  {
     "pk":149,
     "model":"cpovc_registry.RegOrgUnitGeography",
     "fields": {
    "date_linked":"2017-06-13",
    "date_delinked":null,
    "is_void":"False",
    "area_id":90,
    "org_unit_id":32
  }
},
  {
     "pk":150,
     "model":"cpovc_registry.RegOrgUnitGeography",
     "fields": {
    "date_linked":"2017-06-13",
    "date_delinked":null,
    "is_void":"False",
    "area_id":91,
    "org_unit_id":32
  }
},
  {
     "pk":151,
     "model":"cpovc_registry.RegOrgUnitGeography",
     "fields": {
    "date_linked":"2017-06-13",
    "date_delinked":null,
    "is_void":"False",
    "area_id":92,
    "org_unit_id":33
  }
},
  {
     "pk":152,
     "model":"cpovc_registry.RegOrgUnitGeography",
     "fields": {
    "date_linked":"2017-06-13",
    "date_delinked":null,
    "is_void":"False",
    "area_id":93,
    "org_unit_id":33
  }
},
  {
     "pk":153,
     "model":"cpovc_registry.RegOrgUnitGeography",
     "fields": {
    "date_linked":"2017-06-13",
    "date_delinked":null,
    "is_void":"False",
    "area_id":94,
    "org_unit_id":33
  }
},
  {
     "pk":154,
     "model":"cpovc_registry.RegOrgUnitGeography",
     "fields": {
    "date_linked":"2017-06-13",
    "date_delinked":null,
    "is_void":"False",
    "area_id":95,
    "org_unit_id":33
  }
},
  {
     "pk":155,
     "model":"cpovc_registry.RegOrgUnitGeography",
     "fields": {
    "date_linked":"2017-06-13",
    "date_delinked":null,
    "is_void":"False",
    "area_id":98,
    "org_unit_id":34
  }
},
  {
     "pk":156,
     "model":"cpovc_registry.RegOrgUnitGeography",
     "fields": {
    "date_linked":"2017-06-13",
    "date_delinked":null,
    "is_void":"False",
    "area_id":99,
    "org_unit_id":34
  }
},
  {
     "pk":157,
     "model":"cpovc_registry.RegOrgUnitGeography",
     "fields": {
    "date_linked":"2017-06-13",
    "date_delinked":null,
    "is_void":"False",
    "area_id":100,
    "org_unit_id":34
  }
},
  {
     "pk":158,
     "model":"cpovc_registry.RegOrgUnitGeography",
     "fields": {
    "date_linked":"2017-06-13",
    "date_delinked":null,
    "is_void":"False",
    "area_id":101,
    "org_unit_id":34
  }
},
  {
     "pk":159,
     "model":"cpovc_registry.RegOrgUnitGeography",
     "fields": {
    "date_linked":"2017-06-13",
    "date_delinked":null,
    "is_void":"False",
    "area_id":102,
    "org_unit_id":34
  }
},
  {
     "pk":160,
     "model":"cpovc_registry.RegOrgUnitGeography",
     "fields": {
    "date_linked":"2017-06-13",
    "date_delinked":null,
    "is_void":"False",
    "area_id":103,
    "org_unit_id":34
  }
},
  {
     "pk":161,
     "model":"cpovc_registry.RegOrgUnitGeography",
     "fields": {
    "date_linked":"2017-06-13",
    "date_delinked":null,
    "is_void":"False",
    "area_id":104,
    "org_unit_id":34
  }
},
  {
     "pk":162,
     "model":"cpovc_registry.RegOrgUnitGeography",
     "fields": {
    "date_linked":"2017-06-13",
    "date_delinked":null,
    "is_void":"False",
    "area_id":105,
    "org_unit_id":34
  }
},
  {
     "pk":163,
     "model":"cpovc_registry.RegOrgUnitGeography",
     "fields": {
    "date_linked":"2017-06-13",
    "date_delinked":null,
    "is_void":"False",
    "area_id":106,
    "org_unit_id":34
  }
},
  {
     "pk":164,
     "model":"cpovc_registry.RegOrgUnitGeography",
     "fields": {
    "date_linked":"2017-06-13",
    "date_delinked":null,
    "is_void":"False",
    "area_id":300,
    "org_unit_id":35
  }
},
  {
     "pk":165,
     "model":"cpovc_registry.RegOrgUnitGeography",
     "fields": {
    "date_linked":"2017-06-13",
    "date_delinked":null,
    "is_void":"False",
    "area_id":301,
    "org_unit_id":35
  }
},
  {
     "pk":166,
     "model":"cpovc_registry.RegOrgUnitGeography",
     "fields": {
    "date_linked":"2017-06-13",
    "date_delinked":null,
    "is_void":"False",
    "area_id":302,
    "org_unit_id":35
  }
},
  {
     "pk":167,
     "model":"cpovc_registry.RegOrgUnitGeography",
     "fields": {
    "date_linked":"2017-06-13",
    "date_delinked":null,
    "is_void":"False",
    "area_id":303,
    "org_unit_id":35
  }
},
  {
     "pk":168,
     "model":"cpovc_registry.RegOrgUnitGeography",
     "fields": {
    "date_linked":"2017-06-13",
    "date_delinked":null,
    "is_void":"False",
    "area_id":304,
    "org_unit_id":35
  }
},
  {
     "pk":169,
     "model":"cpovc_registry.RegOrgUnitGeography",
     "fields": {
    "date_linked":"2017-06-13",
    "date_delinked":null,
    "is_void":"False",
    "area_id":305,
    "org_unit_id":35
  }
},
  {
     "pk":170,
     "model":"cpovc_registry.RegOrgUnitGeography",
     "fields": {
    "date_linked":"2017-06-13",
    "date_delinked":null,
    "is_void":"False",
    "area_id":306,
    "org_unit_id":35
  }
},
  {
     "pk":171,
     "model":"cpovc_registry.RegOrgUnitGeography",
     "fields": {
    "date_linked":"2017-06-13",
    "date_delinked":null,
    "is_void":"False",
    "area_id":307,
    "org_unit_id":35
  }
},
  {
     "pk":172,
     "model":"cpovc_registry.RegOrgUnitGeography",
     "fields": {
    "date_linked":"2017-06-13",
    "date_delinked":null,
    "is_void":"False",
    "area_id":48,
    "org_unit_id":36
  }
},
  {
     "pk":173,
     "model":"cpovc_registry.RegOrgUnitGeography",
     "fields": {
    "date_linked":"2017-06-13",
    "date_delinked":null,
    "is_void":"False",
    "area_id":49,
    "org_unit_id":36
  }
},
  {
     "pk":174,
     "model":"cpovc_registry.RegOrgUnitGeography",
     "fields": {
    "date_linked":"2017-06-13",
    "date_delinked":null,
    "is_void":"False",
    "area_id":50,
    "org_unit_id":36
  }
},
  {
     "pk":175,
     "model":"cpovc_registry.RegOrgUnitGeography",
     "fields": {
    "date_linked":"2017-06-13",
    "date_delinked":null,
    "is_void":"False",
    "area_id":51,
    "org_unit_id":36
  }
},
  {
     "pk":176,
     "model":"cpovc_registry.RegOrgUnitGeography",
     "fields": {
    "date_linked":"2017-06-13",
    "date_delinked":null,
    "is_void":"False",
    "area_id":52,
    "org_unit_id":36
  }
},
  {
     "pk":177,
     "model":"cpovc_registry.RegOrgUnitGeography",
     "fields": {
    "date_linked":"2017-06-13",
    "date_delinked":null,
    "is_void":"False",
    "area_id":53,
    "org_unit_id":36
  }
},
  {
     "pk":178,
     "model":"cpovc_registry.RegOrgUnitGeography",
     "fields": {
    "date_linked":"2017-06-13",
    "date_delinked":null,
    "is_void":"False",
    "area_id":151,
    "org_unit_id":37
  }
},
  {
     "pk":179,
     "model":"cpovc_registry.RegOrgUnitGeography",
     "fields": {
    "date_linked":"2017-06-13",
    "date_delinked":null,
    "is_void":"False",
    "area_id":152,
    "org_unit_id":37
  }
},
  {
     "pk":180,
     "model":"cpovc_registry.RegOrgUnitGeography",
     "fields": {
    "date_linked":"2017-06-13",
    "date_delinked":null,
    "is_void":"False",
    "area_id":153,
    "org_unit_id":37
  }
},
  {
     "pk":181,
     "model":"cpovc_registry.RegOrgUnitGeography",
     "fields": {
    "date_linked":"2017-06-13",
    "date_delinked":null,
    "is_void":"False",
    "area_id":154,
    "org_unit_id":37
  }
},
  {
     "pk":182,
     "model":"cpovc_registry.RegOrgUnitGeography",
     "fields": {
    "date_linked":"2017-06-13",
    "date_delinked":null,
    "is_void":"False",
    "area_id":155,
    "org_unit_id":37
  }
},
  {
     "pk":183,
     "model":"cpovc_registry.RegOrgUnitGeography",
     "fields": {
    "date_linked":"2017-06-13",
    "date_delinked":null,
    "is_void":"False",
    "area_id":156,
    "org_unit_id":37
  }
},
  {
     "pk":184,
     "model":"cpovc_registry.RegOrgUnitGeography",
     "fields": {
    "date_linked":"2017-06-13",
    "date_delinked":null,
    "is_void":"False",
    "area_id":157,
    "org_unit_id":37
  }
},
  {
     "pk":185,
     "model":"cpovc_registry.RegOrgUnitGeography",
     "fields": {
    "date_linked":"2017-06-13",
    "date_delinked":null,
    "is_void":"False",
    "area_id":321,
    "org_unit_id":38
  }
},
  {
     "pk":186,
     "model":"cpovc_registry.RegOrgUnitGeography",
     "fields": {
    "date_linked":"2017-06-13",
    "date_delinked":null,
    "is_void":"False",
    "area_id":322,
    "org_unit_id":38
  }
},
  {
     "pk":187,
     "model":"cpovc_registry.RegOrgUnitGeography",
     "fields": {
    "date_linked":"2017-06-13",
    "date_delinked":null,
    "is_void":"False",
    "area_id":323,
    "org_unit_id":38
  }
},
  {
     "pk":188,
     "model":"cpovc_registry.RegOrgUnitGeography",
     "fields": {
    "date_linked":"2017-06-13",
    "date_delinked":null,
    "is_void":"False",
    "area_id":324,
    "org_unit_id":38
  }
},
  {
     "pk":189,
     "model":"cpovc_registry.RegOrgUnitGeography",
     "fields": {
    "date_linked":"2017-06-13",
    "date_delinked":null,
    "is_void":"False",
    "area_id":325,
    "org_unit_id":38
  }
},
  {
     "pk":190,
     "model":"cpovc_registry.RegOrgUnitGeography",
     "fields": {
    "date_linked":"2017-06-13",
    "date_delinked":null,
    "is_void":"False",
    "area_id":326,
    "org_unit_id":38
  }
},
  {
     "pk":191,
     "model":"cpovc_registry.RegOrgUnitGeography",
     "fields": {
    "date_linked":"2017-06-13",
    "date_delinked":null,
    "is_void":"False",
    "area_id":327,
    "org_unit_id":38
  }
},
  {
     "pk":192,
     "model":"cpovc_registry.RegOrgUnitGeography",
     "fields": {
    "date_linked":"2017-06-13",
    "date_delinked":null,
    "is_void":"False",
    "area_id":328,
    "org_unit_id":38
  }
},
  {
     "pk":193,
     "model":"cpovc_registry.RegOrgUnitGeography",
     "fields": {
    "date_linked":"2017-06-13",
    "date_delinked":null,
    "is_void":"False",
    "area_id":329,
    "org_unit_id":38
  }
},
  {
     "pk":194,
     "model":"cpovc_registry.RegOrgUnitGeography",
     "fields": {
    "date_linked":"2017-06-13",
    "date_delinked":null,
    "is_void":"False",
    "area_id":330,
    "org_unit_id":38
  }
},
  {
     "pk":195,
     "model":"cpovc_registry.RegOrgUnitGeography",
     "fields": {
    "date_linked":"2017-06-13",
    "date_delinked":null,
    "is_void":"False",
    "area_id":331,
    "org_unit_id":38
  }
},
  {
     "pk":196,
     "model":"cpovc_registry.RegOrgUnitGeography",
     "fields": {
    "date_linked":"2017-06-13",
    "date_delinked":null,
    "is_void":"False",
    "area_id":332,
    "org_unit_id":38
  }
},
  {
     "pk":197,
     "model":"cpovc_registry.RegOrgUnitGeography",
     "fields": {
    "date_linked":"2017-06-13",
    "date_delinked":null,
    "is_void":"False",
    "area_id":333,
    "org_unit_id":38
  }
},
  {
     "pk":198,
     "model":"cpovc_registry.RegOrgUnitGeography",
     "fields": {
    "date_linked":"2017-06-13",
    "date_delinked":null,
    "is_void":"False",
    "area_id":334,
    "org_unit_id":38
  }
},
  {
     "pk":199,
     "model":"cpovc_registry.RegOrgUnitGeography",
     "fields": {
    "date_linked":"2017-06-13",
    "date_delinked":null,
    "is_void":"False",
    "area_id":335,
    "org_unit_id":38
  }
},
  {
     "pk":200,
     "model":"cpovc_registry.RegOrgUnitGeography",
     "fields": {
    "date_linked":"2017-06-13",
    "date_delinked":null,
    "is_void":"False",
    "area_id":336,
    "org_unit_id":38
  }
},
  {
     "pk":201,
     "model":"cpovc_registry.RegOrgUnitGeography",
     "fields": {
    "date_linked":"2017-06-13",
    "date_delinked":null,
    "is_void":"False",
    "area_id":337,
    "org_unit_id":38
  }
},
  {
     "pk":202,
     "model":"cpovc_registry.RegOrgUnitGeography",
     "fields": {
    "date_linked":"2017-06-13",
    "date_delinked":null,
    "is_void":"False",
    "area_id":213,
    "org_unit_id":39
  }
},
  {
     "pk":203,
     "model":"cpovc_registry.RegOrgUnitGeography",
     "fields": {
    "date_linked":"2017-06-13",
    "date_delinked":null,
    "is_void":"False",
    "area_id":214,
    "org_unit_id":39
  }
},
  {
     "pk":204,
     "model":"cpovc_registry.RegOrgUnitGeography",
     "fields": {
    "date_linked":"2017-06-13",
    "date_delinked":null,
    "is_void":"False",
    "area_id":215,
    "org_unit_id":39
  }
},
  {
     "pk":205,
     "model":"cpovc_registry.RegOrgUnitGeography",
     "fields": {
    "date_linked":"2017-06-13",
    "date_delinked":null,
    "is_void":"False",
    "area_id":216,
    "org_unit_id":39
  }
},
  {
     "pk":206,
     "model":"cpovc_registry.RegOrgUnitGeography",
     "fields": {
    "date_linked":"2017-06-13",
    "date_delinked":null,
    "is_void":"False",
    "area_id":217,
    "org_unit_id":39
  }
},
  {
     "pk":207,
     "model":"cpovc_registry.RegOrgUnitGeography",
     "fields": {
    "date_linked":"2017-06-13",
    "date_delinked":null,
    "is_void":"False",
    "area_id":218,
    "org_unit_id":39
  }
},
  {
     "pk":208,
     "model":"cpovc_registry.RegOrgUnitGeography",
     "fields": {
    "date_linked":"2017-06-13",
    "date_delinked":null,
    "is_void":"False",
    "area_id":219,
    "org_unit_id":39
  }
},
  {
     "pk":209,
     "model":"cpovc_registry.RegOrgUnitGeography",
     "fields": {
    "date_linked":"2017-06-13",
    "date_delinked":null,
    "is_void":"False",
    "area_id":220,
    "org_unit_id":39
  }
},
  {
     "pk":210,
     "model":"cpovc_registry.RegOrgUnitGeography",
     "fields": {
    "date_linked":"2017-06-13",
    "date_delinked":null,
    "is_void":"False",
    "area_id":221,
    "org_unit_id":39
  }
},
  {
     "pk":211,
     "model":"cpovc_registry.RegOrgUnitGeography",
     "fields": {
    "date_linked":"2017-06-13",
    "date_delinked":null,
    "is_void":"False",
    "area_id":222,
    "org_unit_id":39
  }
},
  {
     "pk":212,
     "model":"cpovc_registry.RegOrgUnitGeography",
     "fields": {
    "date_linked":"2017-06-13",
    "date_delinked":null,
    "is_void":"False",
    "area_id":223,
    "org_unit_id":39
  }
},
  {
     "pk":213,
     "model":"cpovc_registry.RegOrgUnitGeography",
     "fields": {
    "date_linked":"2017-06-13",
    "date_delinked":null,
    "is_void":"False",
    "area_id":198,
    "org_unit_id":40
  }
},
  {
     "pk":214,
     "model":"cpovc_registry.RegOrgUnitGeography",
     "fields": {
    "date_linked":"2017-06-13",
    "date_delinked":null,
    "is_void":"False",
    "area_id":199,
    "org_unit_id":40
  }
},
  {
     "pk":215,
     "model":"cpovc_registry.RegOrgUnitGeography",
     "fields": {
    "date_linked":"2017-06-13",
    "date_delinked":null,
    "is_void":"False",
    "area_id":200,
    "org_unit_id":40
  }
},
  {
     "pk":216,
     "model":"cpovc_registry.RegOrgUnitGeography",
     "fields": {
    "date_linked":"2017-06-13",
    "date_delinked":null,
    "is_void":"False",
    "area_id":201,
    "org_unit_id":40
  }
},
  {
     "pk":217,
     "model":"cpovc_registry.RegOrgUnitGeography",
     "fields": {
    "date_linked":"2017-06-13",
    "date_delinked":null,
    "is_void":"False",
    "area_id":202,
    "org_unit_id":40
  }
},
  {
     "pk":218,
     "model":"cpovc_registry.RegOrgUnitGeography",
     "fields": {
    "date_linked":"2017-06-13",
    "date_delinked":null,
    "is_void":"False",
    "area_id":203,
    "org_unit_id":40
  }
},
  {
     "pk":219,
     "model":"cpovc_registry.RegOrgUnitGeography",
     "fields": {
    "date_linked":"2017-06-13",
    "date_delinked":null,
    "is_void":"False",
    "area_id":224,
    "org_unit_id":41
  }
},
  {
     "pk":220,
     "model":"cpovc_registry.RegOrgUnitGeography",
     "fields": {
    "date_linked":"2017-06-13",
    "date_delinked":null,
    "is_void":"False",
    "area_id":225,
    "org_unit_id":41
  }
},
  {
     "pk":221,
     "model":"cpovc_registry.RegOrgUnitGeography",
     "fields": {
    "date_linked":"2017-06-13",
    "date_delinked":null,
    "is_void":"False",
    "area_id":226,
    "org_unit_id":41
  }
},
  {
     "pk":222,
     "model":"cpovc_registry.RegOrgUnitGeography",
     "fields": {
    "date_linked":"2017-06-13",
    "date_delinked":null,
    "is_void":"False",
    "area_id":227,
    "org_unit_id":41
  }
},
  {
     "pk":223,
     "model":"cpovc_registry.RegOrgUnitGeography",
     "fields": {
    "date_linked":"2017-06-13",
    "date_delinked":null,
    "is_void":"False",
    "area_id":228,
    "org_unit_id":41
  }
},
  {
     "pk":224,
     "model":"cpovc_registry.RegOrgUnitGeography",
     "fields": {
    "date_linked":"2017-06-13",
    "date_delinked":null,
    "is_void":"False",
    "area_id":229,
    "org_unit_id":41
  }
},
  {
     "pk":225,
     "model":"cpovc_registry.RegOrgUnitGeography",
     "fields": {
    "date_linked":"2017-06-13",
    "date_delinked":null,
    "is_void":"False",
    "area_id":317,
    "org_unit_id":42
  }
},
  {
     "pk":226,
     "model":"cpovc_registry.RegOrgUnitGeography",
     "fields": {
    "date_linked":"2017-06-13",
    "date_delinked":null,
    "is_void":"False",
    "area_id":318,
    "org_unit_id":42
  }
},
  {
     "pk":227,
     "model":"cpovc_registry.RegOrgUnitGeography",
     "fields": {
    "date_linked":"2017-06-13",
    "date_delinked":null,
    "is_void":"False",
    "area_id":319,
    "org_unit_id":42
  }
},
  {
     "pk":228,
     "model":"cpovc_registry.RegOrgUnitGeography",
     "fields": {
    "date_linked":"2017-06-13",
    "date_delinked":null,
    "is_void":"False",
    "area_id":320,
    "org_unit_id":42
  }
},
  {
     "pk":229,
     "model":"cpovc_registry.RegOrgUnitGeography",
     "fields": {
    "date_linked":"2017-06-13",
    "date_delinked":null,
    "is_void":"False",
    "area_id":136,
    "org_unit_id":43
  }
},
  {
     "pk":230,
     "model":"cpovc_registry.RegOrgUnitGeography",
     "fields": {
    "date_linked":"2017-06-13",
    "date_delinked":null,
    "is_void":"False",
    "area_id":137,
    "org_unit_id":43
  }
},
  {
     "pk":231,
     "model":"cpovc_registry.RegOrgUnitGeography",
     "fields": {
    "date_linked":"2017-06-13",
    "date_delinked":null,
    "is_void":"False",
    "area_id":138,
    "org_unit_id":43
  }
},
  {
     "pk":232,
     "model":"cpovc_registry.RegOrgUnitGeography",
     "fields": {
    "date_linked":"2017-06-13",
    "date_delinked":null,
    "is_void":"False",
    "area_id":139,
    "org_unit_id":43
  }
},
  {
     "pk":233,
     "model":"cpovc_registry.RegOrgUnitGeography",
     "fields": {
    "date_linked":"2017-06-13",
    "date_delinked":null,
    "is_void":"False",
    "area_id":140,
    "org_unit_id":43
  }
},
  {
     "pk":234,
     "model":"cpovc_registry.RegOrgUnitGeography",
     "fields": {
    "date_linked":"2017-06-13",
    "date_delinked":null,
    "is_void":"False",
    "area_id":141,
    "org_unit_id":44
  }
},
  {
     "pk":235,
     "model":"cpovc_registry.RegOrgUnitGeography",
     "fields": {
    "date_linked":"2017-06-13",
    "date_delinked":null,
    "is_void":"False",
    "area_id":142,
    "org_unit_id":44
  }
},
  {
     "pk":236,
     "model":"cpovc_registry.RegOrgUnitGeography",
     "fields": {
    "date_linked":"2017-06-13",
    "date_delinked":null,
    "is_void":"False",
    "area_id":143,
    "org_unit_id":44
  }
},
  {
     "pk":237,
     "model":"cpovc_registry.RegOrgUnitGeography",
     "fields": {
    "date_linked":"2017-06-13",
    "date_delinked":null,
    "is_void":"False",
    "area_id":144,
    "org_unit_id":44
  }
},
  {
     "pk":238,
     "model":"cpovc_registry.RegOrgUnitGeography",
     "fields": {
    "date_linked":"2017-06-13",
    "date_delinked":null,
    "is_void":"False",
    "area_id":145,
    "org_unit_id":44
  }
},
  {
     "pk":239,
     "model":"cpovc_registry.RegOrgUnitGeography",
     "fields": {
    "date_linked":"2017-06-13",
    "date_delinked":null,
    "is_void":"False",
    "area_id":146,
    "org_unit_id":44
  }
},
  {
     "pk":240,
     "model":"cpovc_registry.RegOrgUnitGeography",
     "fields": {
    "date_linked":"2017-06-13",
    "date_delinked":null,
    "is_void":"False",
    "area_id":180,
    "org_unit_id":45
  }
},
  {
     "pk":241,
     "model":"cpovc_registry.RegOrgUnitGeography",
     "fields": {
    "date_linked":"2017-06-13",
    "date_delinked":null,
    "is_void":"False",
    "area_id":181,
    "org_unit_id":45
  }
},
  {
     "pk":242,
     "model":"cpovc_registry.RegOrgUnitGeography",
     "fields": {
    "date_linked":"2017-06-13",
    "date_delinked":null,
    "is_void":"False",
    "area_id":182,
    "org_unit_id":45
  }
},
  {
     "pk":243,
     "model":"cpovc_registry.RegOrgUnitGeography",
     "fields": {
    "date_linked":"2017-06-13",
    "date_delinked":null,
    "is_void":"False",
    "area_id":279,
    "org_unit_id":46
  }
},
  {
     "pk":244,
     "model":"cpovc_registry.RegOrgUnitGeography",
     "fields": {
    "date_linked":"2017-06-13",
    "date_delinked":null,
    "is_void":"False",
    "area_id":280,
    "org_unit_id":46
  }
},
  {
     "pk":245,
     "model":"cpovc_registry.RegOrgUnitGeography",
     "fields": {
    "date_linked":"2017-06-13",
    "date_delinked":null,
    "is_void":"False",
    "area_id":281,
    "org_unit_id":46
  }
},
  {
     "pk":246,
     "model":"cpovc_registry.RegOrgUnitGeography",
     "fields": {
    "date_linked":"2017-06-13",
    "date_delinked":null,
    "is_void":"False",
    "area_id":282,
    "org_unit_id":46
  }
},
  {
     "pk":247,
     "model":"cpovc_registry.RegOrgUnitGeography",
     "fields": {
    "date_linked":"2017-06-13",
    "date_delinked":null,
    "is_void":"False",
    "area_id":283,
    "org_unit_id":46
  }
},
  {
     "pk":248,
     "model":"cpovc_registry.RegOrgUnitGeography",
     "fields": {
    "date_linked":"2017-06-13",
    "date_delinked":null,
    "is_void":"False",
    "area_id":284,
    "org_unit_id":46
  }
},
  {
     "pk":249,
     "model":"cpovc_registry.RegOrgUnitGeography",
     "fields": {
    "date_linked":"2017-06-13",
    "date_delinked":null,
    "is_void":"False",
    "area_id":70,
    "org_unit_id":47
  }
},
  {
     "pk":250,
     "model":"cpovc_registry.RegOrgUnitGeography",
     "fields": {
    "date_linked":"2017-06-13",
    "date_delinked":null,
    "is_void":"False",
    "area_id":71,
    "org_unit_id":47
  }
},
  {
     "pk":251,
     "model":"cpovc_registry.RegOrgUnitGeography",
     "fields": {
    "date_linked":"2017-06-13",
    "date_delinked":null,
    "is_void":"False",
    "area_id":72,
    "org_unit_id":47
  }
},
  {
     "pk":252,
     "model":"cpovc_registry.RegOrgUnitGeography",
     "fields": {
    "date_linked":"2017-06-13",
    "date_delinked":null,
    "is_void":"False",
    "area_id":73,
    "org_unit_id":47
  }
},
  {
     "pk":253,
     "model":"cpovc_registry.RegOrgUnitGeography",
     "fields": {
    "date_linked":"2017-06-13",
    "date_delinked":null,
    "is_void":"False",
    "area_id":65,
    "org_unit_id":48
  }
},
  {
     "pk":254,
     "model":"cpovc_registry.RegOrgUnitGeography",
     "fields": {
    "date_linked":"2017-06-13",
    "date_delinked":null,
    "is_void":"False",
    "area_id":66,
    "org_unit_id":48
  }
},
  {
     "pk":255,
     "model":"cpovc_registry.RegOrgUnitGeography",
     "fields": {
    "date_linked":"2017-06-13",
    "date_delinked":null,
    "is_void":"False",
    "area_id":67,
    "org_unit_id":48
  }
},
  {
     "pk":256,
     "model":"cpovc_registry.RegOrgUnitGeography",
     "fields": {
    "date_linked":"2017-06-13",
    "date_delinked":null,
    "is_void":"False",
    "area_id":107,
    "org_unit_id":49
  }
},
  {
     "pk":257,
     "model":"cpovc_registry.RegOrgUnitGeography",
     "fields": {
    "date_linked":"2017-06-13",
    "date_delinked":null,
    "is_void":"False",
    "area_id":108,
    "org_unit_id":49
  }
},
  {
     "pk":258,
     "model":"cpovc_registry.RegOrgUnitGeography",
     "fields": {
    "date_linked":"2017-06-13",
    "date_delinked":null,
    "is_void":"False",
    "area_id":109,
    "org_unit_id":49
  }
},
  {
     "pk":259,
     "model":"cpovc_registry.RegOrgUnitGeography",
     "fields": {
    "date_linked":"2017-06-13",
    "date_delinked":null,
    "is_void":"False",
    "area_id":183,
    "org_unit_id":50
  }
},
  {
     "pk":260,
     "model":"cpovc_registry.RegOrgUnitGeography",
     "fields": {
    "date_linked":"2017-06-13",
    "date_delinked":null,
    "is_void":"False",
    "area_id":184,
    "org_unit_id":50
  }
},
  {
     "pk":261,
     "model":"cpovc_registry.RegOrgUnitGeography",
     "fields": {
    "date_linked":"2017-06-13",
    "date_delinked":null,
    "is_void":"False",
    "area_id":185,
    "org_unit_id":50
  }
},
  {
     "pk":262,
     "model":"cpovc_registry.RegOrgUnitGeography",
     "fields": {
    "date_linked":"2017-06-13",
    "date_delinked":null,
    "is_void":"False",
    "area_id":186,
    "org_unit_id":50
  }
},
  {
     "pk":263,
     "model":"cpovc_registry.RegOrgUnitGeography",
     "fields": {
    "date_linked":"2017-06-13",
    "date_delinked":null,
    "is_void":"False",
    "area_id":187,
    "org_unit_id":50
  }
},
  {
     "pk":264,
     "model":"cpovc_registry.RegOrgUnitGeography",
     "fields": {
    "date_linked":"2017-06-13",
    "date_delinked":null,
    "is_void":"False",
    "area_id":170,
    "org_unit_id":51
  }
},
  {
     "pk":265,
     "model":"cpovc_registry.RegOrgUnitGeography",
     "fields": {
    "date_linked":"2017-06-13",
    "date_delinked":null,
    "is_void":"False",
    "area_id":171,
    "org_unit_id":51
  }
},
  {
     "pk":266,
     "model":"cpovc_registry.RegOrgUnitGeography",
     "fields": {
    "date_linked":"2017-06-13",
    "date_delinked":null,
    "is_void":"False",
    "area_id":172,
    "org_unit_id":51
  }
},
  {
     "pk":267,
     "model":"cpovc_registry.RegOrgUnitGeography",
     "fields": {
    "date_linked":"2017-06-13",
    "date_delinked":null,
    "is_void":"False",
    "area_id":173,
    "org_unit_id":51
  }
},
  {
     "pk":268,
     "model":"cpovc_registry.RegOrgUnitGeography",
     "fields": {
    "date_linked":"2017-06-13",
    "date_delinked":null,
    "is_void":"False",
    "area_id":174,
    "org_unit_id":51
  }
},
  {
     "pk":269,
     "model":"cpovc_registry.RegOrgUnitGeography",
     "fields": {
    "date_linked":"2017-06-13",
    "date_delinked":null,
    "is_void":"False",
    "area_id":175,
    "org_unit_id":51
  }
},
  {
     "pk":270,
     "model":"cpovc_registry.RegOrgUnitGeography",
     "fields": {
    "date_linked":"2017-06-13",
    "date_delinked":null,
    "is_void":"False",
    "area_id":188,
    "org_unit_id":52
  }
},
  {
     "pk":271,
     "model":"cpovc_registry.RegOrgUnitGeography",
     "fields": {
    "date_linked":"2017-06-13",
    "date_delinked":null,
    "is_void":"False",
    "area_id":189,
    "org_unit_id":52
  }
},
  {
     "pk":272,
     "model":"cpovc_registry.RegOrgUnitGeography",
     "fields": {
    "date_linked":"2017-06-13",
    "date_delinked":null,
    "is_void":"False",
    "area_id":190,
    "org_unit_id":52
  }
},
  {
     "pk":273,
     "model":"cpovc_registry.RegOrgUnitGeography",
     "fields": {
    "date_linked":"2017-06-13",
    "date_delinked":null,
    "is_void":"False",
    "area_id":191,
    "org_unit_id":52
  }
},
  {
     "pk":274,
     "model":"cpovc_registry.RegOrgUnitGeography",
     "fields": {
    "date_linked":"2017-06-13",
    "date_delinked":null,
    "is_void":"False",
    "area_id":192,
    "org_unit_id":52
  }
},
  {
     "pk":275,
     "model":"cpovc_registry.RegOrgUnitGeography",
     "fields": {
    "date_linked":"2017-06-13",
    "date_delinked":null,
    "is_void":"False",
    "area_id":193,
    "org_unit_id":52
  }
},
  {
     "pk":276,
     "model":"cpovc_registry.RegOrgUnitGeography",
     "fields": {
    "date_linked":"2017-06-13",
    "date_delinked":null,
    "is_void":"False",
    "area_id":258,
    "org_unit_id":53
  }
},
  {
     "pk":277,
     "model":"cpovc_registry.RegOrgUnitGeography",
     "fields": {
    "date_linked":"2017-06-13",
    "date_delinked":null,
    "is_void":"False",
    "area_id":259,
    "org_unit_id":53
  }
},
  {
     "pk":278,
     "model":"cpovc_registry.RegOrgUnitGeography",
     "fields": {
    "date_linked":"2017-06-13",
    "date_delinked":null,
    "is_void":"False",
    "area_id":260,
    "org_unit_id":53
  }
},
  {
     "pk":279,
     "model":"cpovc_registry.RegOrgUnitGeography",
     "fields": {
    "date_linked":"2017-06-13",
    "date_delinked":null,
    "is_void":"False",
    "area_id":261,
    "org_unit_id":53
  }
},
  {
     "pk":280,
     "model":"cpovc_registry.RegOrgUnitGeography",
     "fields": {
    "date_linked":"2017-06-13",
    "date_delinked":null,
    "is_void":"False",
    "area_id":262,
    "org_unit_id":53
  }
},
  {
     "pk":281,
     "model":"cpovc_registry.RegOrgUnitGeography",
     "fields": {
    "date_linked":"2017-06-13",
    "date_delinked":null,
    "is_void":"False",
    "area_id":80,
    "org_unit_id":54
  }
},
  {
     "pk":282,
     "model":"cpovc_registry.RegOrgUnitGeography",
     "fields": {
    "date_linked":"2017-06-13",
    "date_delinked":null,
    "is_void":"False",
    "area_id":81,
    "org_unit_id":54
  }
},
  {
     "pk":283,
     "model":"cpovc_registry.RegOrgUnitGeography",
     "fields": {
    "date_linked":"2017-06-13",
    "date_delinked":null,
    "is_void":"False",
    "area_id":82,
    "org_unit_id":54
  }
},
  {
     "pk":284,
     "model":"cpovc_registry.RegOrgUnitGeography",
     "fields": {
    "date_linked":"2017-06-13",
    "date_delinked":null,
    "is_void":"False",
    "area_id":83,
    "org_unit_id":54
  }
},
  {
     "pk":285,
     "model":"cpovc_registry.RegOrgUnitGeography",
     "fields": {
    "date_linked":"2017-06-13",
    "date_delinked":null,
    "is_void":"False",
    "area_id":84,
    "org_unit_id":54
  }
},
  {
     "pk":286,
     "model":"cpovc_registry.RegOrgUnitGeography",
     "fields": {
    "date_linked":"2017-06-13",
    "date_delinked":null,
    "is_void":"False",
    "area_id":85,
    "org_unit_id":54
  }
},
  {
     "pk":287,
     "model":"cpovc_registry.RegOrgUnitGeography",
     "fields": {
    "date_linked":"2017-06-13",
    "date_delinked":null,
    "is_void":"False",
    "area_id":176,
    "org_unit_id":55
  }
},
  {
     "pk":288,
     "model":"cpovc_registry.RegOrgUnitGeography",
     "fields": {
    "date_linked":"2017-06-13",
    "date_delinked":null,
    "is_void":"False",
    "area_id":177,
    "org_unit_id":55
  }
},
  {
     "pk":289,
     "model":"cpovc_registry.RegOrgUnitGeography",
     "fields": {
    "date_linked":"2017-06-13",
    "date_delinked":null,
    "is_void":"False",
    "area_id":178,
    "org_unit_id":55
  }
},
  {
     "pk":290,
     "model":"cpovc_registry.RegOrgUnitGeography",
     "fields": {
    "date_linked":"2017-06-13",
    "date_delinked":null,
    "is_void":"False",
    "area_id":179,
    "org_unit_id":55
  }
}]