[
  {
     "pk":1,
     "model":"cpovc_registry.RegPersonsGeo",
     "fields": {
     "area_type":"GLTW",
     "date_linked":"2017-06-13",
     "date_delinked":null,
     "is_void":"False",
     "area_id":204,
     "person_id":2
  }
  },
  {
     "pk":2,
     "model":"cpovc_registry.RegPersonsGeo",
     "fields": {
     "area_type":"GLTW",
     "date_linked":"2017-06-13",
     "date_delinked":null,
     "is_void":"False",
     "area_id":205,
     "person_id":2
  }
  },
  {
     "pk":3,
     "model":"cpovc_registry.RegPersonsGeo",
     "fields": {
     "area_type":"GLTW",
     "date_linked":"2017-06-13",
     "date_delinked":null,
     "is_void":"False",
     "area_id":206,
     "person_id":2
  }
  },
  {
     "pk":4,
     "model":"cpovc_registry.RegPersonsGeo",
     "fields": {
     "area_type":"GLTW",
     "date_linked":"2017-06-13",
     "date_delinked":null,
     "is_void":"False",
     "area_id":207,
     "person_id":2
  }
  },
  {
     "pk":5,
     "model":"cpovc_registry.RegPersonsGeo",
     "fields": {
     "area_type":"GLTW",
     "date_linked":"2017-06-13",
     "date_delinked":null,
     "is_void":"False",
     "area_id":208,
     "person_id":2
  }
  },
  {
     "pk":6,
     "model":"cpovc_registry.RegPersonsGeo",
     "fields": {
     "area_type":"GLTW",
     "date_linked":"2017-06-13",
     "date_delinked":null,
     "is_void":"False",
     "area_id":209,
     "person_id":2
  }
  },
  {
     "pk":7,
     "model":"cpovc_registry.RegPersonsGeo",
     "fields": {
     "area_type":"GLTW",
     "date_linked":"2017-06-13",
     "date_delinked":null,
     "is_void":"False",
     "area_id":241,
     "person_id":3
  }
  },
  {
     "pk":8,
     "model":"cpovc_registry.RegPersonsGeo",
     "fields": {
     "area_type":"GLTW",
     "date_linked":"2017-06-13",
     "date_delinked":null,
     "is_void":"False",
     "area_id":242,
     "person_id":3
  }
  },
  {
     "pk":9,
     "model":"cpovc_registry.RegPersonsGeo",
     "fields": {
     "area_type":"GLTW",
     "date_linked":"2017-06-13",
     "date_delinked":null,
     "is_void":"False",
     "area_id":243,
     "person_id":3
  }
  },
  {
     "pk":10,
     "model":"cpovc_registry.RegPersonsGeo",
     "fields": {
     "area_type":"GLTW",
     "date_linked":"2017-06-13",
     "date_delinked":null,
     "is_void":"False",
     "area_id":244,
     "person_id":3
  }
  },
  {
     "pk":11,
     "model":"cpovc_registry.RegPersonsGeo",
     "fields": {
     "area_type":"GLTW",
     "date_linked":"2017-06-13",
     "date_delinked":null,
     "is_void":"False",
     "area_id":245,
     "person_id":3
  }
  },
  {
     "pk":12,
     "model":"cpovc_registry.RegPersonsGeo",
     "fields": {
     "area_type":"GLTW",
     "date_linked":"2017-06-13",
     "date_delinked":null,
     "is_void":"False",
     "area_id":263,
     "person_id":4
  }
  },
  {
     "pk":13,
     "model":"cpovc_registry.RegPersonsGeo",
     "fields": {
     "area_type":"GLTW",
     "date_linked":"2017-06-13",
     "date_delinked":null,
     "is_void":"False",
     "area_id":264,
     "person_id":4
  }
  },
  {
     "pk":14,
     "model":"cpovc_registry.RegPersonsGeo",
     "fields": {
     "area_type":"GLTW",
     "date_linked":"2017-06-13",
     "date_delinked":null,
     "is_void":"False",
     "area_id":265,
     "person_id":4
  }
  },
  {
     "pk":15,
     "model":"cpovc_registry.RegPersonsGeo",
     "fields": {
     "area_type":"GLTW",
     "date_linked":"2017-06-13",
     "date_delinked":null,
     "is_void":"False",
     "area_id":266,
     "person_id":4
  }
  },
  {
     "pk":16,
     "model":"cpovc_registry.RegPersonsGeo",
     "fields": {
     "area_type":"GLTW",
     "date_linked":"2017-06-13",
     "date_delinked":null,
     "is_void":"False",
     "area_id":267,
     "person_id":4
  }
  },
  {
     "pk":17,
     "model":"cpovc_registry.RegPersonsGeo",
     "fields": {
     "area_type":"GLTW",
     "date_linked":"2017-06-13",
     "date_delinked":null,
     "is_void":"False",
     "area_id":268,
     "person_id":4
  }
  },
  {
     "pk":18,
     "model":"cpovc_registry.RegPersonsGeo",
     "fields": {
     "area_type":"GLTW",
     "date_linked":"2017-06-13",
     "date_delinked":null,
     "is_void":"False",
     "area_id":269,
     "person_id":4
  }
  },
  {
     "pk":19,
     "model":"cpovc_registry.RegPersonsGeo",
     "fields": {
     "area_type":"GLTW",
     "date_linked":"2017-06-13",
     "date_delinked":null,
     "is_void":"False",
     "area_id":270,
     "person_id":4
  }
  },
  {
     "pk":20,
     "model":"cpovc_registry.RegPersonsGeo",
     "fields": {
     "area_type":"GLTW",
     "date_linked":"2017-06-13",
     "date_delinked":null,
     "is_void":"False",
     "area_id":271,
     "person_id":4
  }
  },
  {
     "pk":21,
     "model":"cpovc_registry.RegPersonsGeo",
     "fields": {
     "area_type":"GLTW",
     "date_linked":"2017-06-13",
     "date_delinked":null,
     "is_void":"False",
     "area_id":272,
     "person_id":5
  }
  },
  {
     "pk":22,
     "model":"cpovc_registry.RegPersonsGeo",
     "fields": {
     "area_type":"GLTW",
     "date_linked":"2017-06-13",
     "date_delinked":null,
     "is_void":"False",
     "area_id":273,
     "person_id":5
  }
  },
  {
     "pk":23,
     "model":"cpovc_registry.RegPersonsGeo",
     "fields": {
     "area_type":"GLTW",
     "date_linked":"2017-06-13",
     "date_delinked":null,
     "is_void":"False",
     "area_id":274,
     "person_id":5
  }
  },
  {
     "pk":24,
     "model":"cpovc_registry.RegPersonsGeo",
     "fields": {
     "area_type":"GLTW",
     "date_linked":"2017-06-13",
     "date_delinked":null,
     "is_void":"False",
     "area_id":275,
     "person_id":5
  }
  },
  {
     "pk":25,
     "model":"cpovc_registry.RegPersonsGeo",
     "fields": {
     "area_type":"GLTW",
     "date_linked":"2017-06-13",
     "date_delinked":null,
     "is_void":"False",
     "area_id":276,
     "person_id":5
  }
  },
  {
     "pk":26,
     "model":"cpovc_registry.RegPersonsGeo",
     "fields": {
     "area_type":"GLTW",
     "date_linked":"2017-06-13",
     "date_delinked":null,
     "is_void":"False",
     "area_id":277,
     "person_id":5
  }
  },
  {
     "pk":27,
     "model":"cpovc_registry.RegPersonsGeo",
     "fields": {
     "area_type":"GLTW",
     "date_linked":"2017-06-13",
     "date_delinked":null,
     "is_void":"False",
     "area_id":278,
     "person_id":5
  }
  },
  {
     "pk":28,
     "model":"cpovc_registry.RegPersonsGeo",
     "fields": {
     "area_type":"GLTW",
     "date_linked":"2017-06-13",
     "date_delinked":null,
     "is_void":"False",
     "area_id":194,
     "person_id":6
  }
  },
  {
     "pk":29,
     "model":"cpovc_registry.RegPersonsGeo",
     "fields": {
     "area_type":"GLTW",
     "date_linked":"2017-06-13",
     "date_delinked":null,
     "is_void":"False",
     "area_id":195,
     "person_id":6
  }
  },
  {
     "pk":30,
     "model":"cpovc_registry.RegPersonsGeo",
     "fields": {
     "area_type":"GLTW",
     "date_linked":"2017-06-13",
     "date_delinked":null,
     "is_void":"False",
     "area_id":196,
     "person_id":6
  }
  },
  {
     "pk":31,
     "model":"cpovc_registry.RegPersonsGeo",
     "fields": {
     "area_type":"GLTW",
     "date_linked":"2017-06-13",
     "date_delinked":null,
     "is_void":"False",
     "area_id":197,
     "person_id":6
  }
  },
  {
     "pk":32,
     "model":"cpovc_registry.RegPersonsGeo",
     "fields": {
     "area_type":"GLTW",
     "date_linked":"2017-06-13",
     "date_delinked":null,
     "is_void":"False",
     "area_id":110,
     "person_id":7
  }
  },
  {
     "pk":33,
     "model":"cpovc_registry.RegPersonsGeo",
     "fields": {
     "area_type":"GLTW",
     "date_linked":"2017-06-13",
     "date_delinked":null,
     "is_void":"False",
     "area_id":111,
     "person_id":7
  }
  },
  {
     "pk":34,
     "model":"cpovc_registry.RegPersonsGeo",
     "fields": {
     "area_type":"GLTW",
     "date_linked":"2017-06-13",
     "date_delinked":null,
     "is_void":"False",
     "area_id":112,
     "person_id":7
  }
  },
  {
     "pk":35,
     "model":"cpovc_registry.RegPersonsGeo",
     "fields": {
     "area_type":"GLTW",
     "date_linked":"2017-06-13",
     "date_delinked":null,
     "is_void":"False",
     "area_id":113,
     "person_id":7
  }
  },
  {
     "pk":36,
     "model":"cpovc_registry.RegPersonsGeo",
     "fields": {
     "area_type":"GLTW",
     "date_linked":"2017-06-13",
     "date_delinked":null,
     "is_void":"False",
     "area_id":74,
     "person_id":8
  }
  },
  {
     "pk":37,
     "model":"cpovc_registry.RegPersonsGeo",
     "fields": {
     "area_type":"GLTW",
     "date_linked":"2017-06-13",
     "date_delinked":null,
     "is_void":"False",
     "area_id":75,
     "person_id":8
  }
  },
  {
     "pk":38,
     "model":"cpovc_registry.RegPersonsGeo",
     "fields": {
     "area_type":"GLTW",
     "date_linked":"2017-06-13",
     "date_delinked":null,
     "is_void":"False",
     "area_id":76,
     "person_id":8
  }
  },
  {
     "pk":39,
     "model":"cpovc_registry.RegPersonsGeo",
     "fields": {
     "area_type":"GLTW",
     "date_linked":"2017-06-13",
     "date_delinked":null,
     "is_void":"False",
     "area_id":77,
     "person_id":8
  }
  },
  {
     "pk":40,
     "model":"cpovc_registry.RegPersonsGeo",
     "fields": {
     "area_type":"GLTW",
     "date_linked":"2017-06-13",
     "date_delinked":null,
     "is_void":"False",
     "area_id":78,
     "person_id":8
  }
  },
  {
     "pk":41,
     "model":"cpovc_registry.RegPersonsGeo",
     "fields": {
     "area_type":"GLTW",
     "date_linked":"2017-06-13",
     "date_delinked":null,
     "is_void":"False",
     "area_id":79,
     "person_id":8
  }
  },
  {
     "pk":42,
     "model":"cpovc_registry.RegPersonsGeo",
     "fields": {
     "area_type":"GLTW",
     "date_linked":"2017-06-13",
     "date_delinked":null,
     "is_void":"False",
     "area_id":292,
     "person_id":9
  }
  },
  {
     "pk":43,
     "model":"cpovc_registry.RegPersonsGeo",
     "fields": {
     "area_type":"GLTW",
     "date_linked":"2017-06-13",
     "date_delinked":null,
     "is_void":"False",
     "area_id":293,
     "person_id":9
  }
  },
  {
     "pk":44,
     "model":"cpovc_registry.RegPersonsGeo",
     "fields": {
     "area_type":"GLTW",
     "date_linked":"2017-06-13",
     "date_delinked":null,
     "is_void":"False",
     "area_id":294,
     "person_id":9
  }
  },
  {
     "pk":45,
     "model":"cpovc_registry.RegPersonsGeo",
     "fields": {
     "area_type":"GLTW",
     "date_linked":"2017-06-13",
     "date_delinked":null,
     "is_void":"False",
     "area_id":295,
     "person_id":9
  }
  },
  {
     "pk":46,
     "model":"cpovc_registry.RegPersonsGeo",
     "fields": {
     "area_type":"GLTW",
     "date_linked":"2017-06-13",
     "date_delinked":null,
     "is_void":"False",
     "area_id":296,
     "person_id":9
  }
  },
  {
     "pk":47,
     "model":"cpovc_registry.RegPersonsGeo",
     "fields": {
     "area_type":"GLTW",
     "date_linked":"2017-06-13",
     "date_delinked":null,
     "is_void":"False",
     "area_id":297,
     "person_id":9
  }
  },
  {
     "pk":48,
     "model":"cpovc_registry.RegPersonsGeo",
     "fields": {
     "area_type":"GLTW",
     "date_linked":"2017-06-13",
     "date_delinked":null,
     "is_void":"False",
     "area_id":298,
     "person_id":9
  }
  },
  {
     "pk":49,
     "model":"cpovc_registry.RegPersonsGeo",
     "fields": {
     "area_type":"GLTW",
     "date_linked":"2017-06-13",
     "date_delinked":null,
     "is_void":"False",
     "area_id":299,
     "person_id":9
  }
  },
  {
     "pk":50,
     "model":"cpovc_registry.RegPersonsGeo",
     "fields": {
     "area_type":"GLTW",
     "date_linked":"2017-06-13",
     "date_delinked":null,
     "is_void":"False",
     "area_id":96,
     "person_id":10
  }
  },
  {
     "pk":51,
     "model":"cpovc_registry.RegPersonsGeo",
     "fields": {
     "area_type":"GLTW",
     "date_linked":"2017-06-13",
     "date_delinked":null,
     "is_void":"False",
     "area_id":97,
     "person_id":10
  }
  },
  {
     "pk":52,
     "model":"cpovc_registry.RegPersonsGeo",
     "fields": {
     "area_type":"GLTW",
     "date_linked":"2017-06-13",
     "date_delinked":null,
     "is_void":"False",
     "area_id":230,
     "person_id":11
  }
  },
  {
     "pk":53,
     "model":"cpovc_registry.RegPersonsGeo",
     "fields": {
     "area_type":"GLTW",
     "date_linked":"2017-06-13",
     "date_delinked":null,
     "is_void":"False",
     "area_id":231,
     "person_id":11
  }
  },
  {
     "pk":54,
     "model":"cpovc_registry.RegPersonsGeo",
     "fields": {
     "area_type":"GLTW",
     "date_linked":"2017-06-13",
     "date_delinked":null,
     "is_void":"False",
     "area_id":232,
     "person_id":11
  }
  },
  {
     "pk":55,
     "model":"cpovc_registry.RegPersonsGeo",
     "fields": {
     "area_type":"GLTW",
     "date_linked":"2017-06-13",
     "date_delinked":null,
     "is_void":"False",
     "area_id":233,
     "person_id":11
  }
  },
  {
     "pk":56,
     "model":"cpovc_registry.RegPersonsGeo",
     "fields": {
     "area_type":"GLTW",
     "date_linked":"2017-06-13",
     "date_delinked":null,
     "is_void":"False",
     "area_id":234,
     "person_id":11
  }
  },
  {
     "pk":57,
     "model":"cpovc_registry.RegPersonsGeo",
     "fields": {
     "area_type":"GLTW",
     "date_linked":"2017-06-13",
     "date_delinked":null,
     "is_void":"False",
     "area_id":246,
     "person_id":12
  }
  },
  {
     "pk":58,
     "model":"cpovc_registry.RegPersonsGeo",
     "fields": {
     "area_type":"GLTW",
     "date_linked":"2017-06-13",
     "date_delinked":null,
     "is_void":"False",
     "area_id":247,
     "person_id":12
  }
  },
  {
     "pk":59,
     "model":"cpovc_registry.RegPersonsGeo",
     "fields": {
     "area_type":"GLTW",
     "date_linked":"2017-06-13",
     "date_delinked":null,
     "is_void":"False",
     "area_id":248,
     "person_id":12
  }
  },
  {
     "pk":60,
     "model":"cpovc_registry.RegPersonsGeo",
     "fields": {
     "area_type":"GLTW",
     "date_linked":"2017-06-13",
     "date_delinked":null,
     "is_void":"False",
     "area_id":249,
     "person_id":12
  }
  },
  {
     "pk":61,
     "model":"cpovc_registry.RegPersonsGeo",
     "fields": {
     "area_type":"GLTW",
     "date_linked":"2017-06-13",
     "date_delinked":null,
     "is_void":"False",
     "area_id":250,
     "person_id":12
  }
  },
  {
     "pk":62,
     "model":"cpovc_registry.RegPersonsGeo",
     "fields": {
     "area_type":"GLTW",
     "date_linked":"2017-06-13",
     "date_delinked":null,
     "is_void":"False",
     "area_id":251,
     "person_id":12
  }
  },
  {
     "pk":63,
     "model":"cpovc_registry.RegPersonsGeo",
     "fields": {
     "area_type":"GLTW",
     "date_linked":"2017-06-13",
     "date_delinked":null,
     "is_void":"False",
     "area_id":252,
     "person_id":12
  }
  },
  {
     "pk":64,
     "model":"cpovc_registry.RegPersonsGeo",
     "fields": {
     "area_type":"GLTW",
     "date_linked":"2017-06-13",
     "date_delinked":null,
     "is_void":"False",
     "area_id":253,
     "person_id":12
  }
  },
  {
     "pk":65,
     "model":"cpovc_registry.RegPersonsGeo",
     "fields": {
     "area_type":"GLTW",
     "date_linked":"2017-06-13",
     "date_delinked":null,
     "is_void":"False",
     "area_id":254,
     "person_id":12
  }
  },
  {
     "pk":66,
     "model":"cpovc_registry.RegPersonsGeo",
     "fields": {
     "area_type":"GLTW",
     "date_linked":"2017-06-13",
     "date_delinked":null,
     "is_void":"False",
     "area_id":255,
     "person_id":12
  }
  },
  {
     "pk":67,
     "model":"cpovc_registry.RegPersonsGeo",
     "fields": {
     "area_type":"GLTW",
     "date_linked":"2017-06-13",
     "date_delinked":null,
     "is_void":"False",
     "area_id":256,
     "person_id":12
  }
  },
  {
     "pk":68,
     "model":"cpovc_registry.RegPersonsGeo",
     "fields": {
     "area_type":"GLTW",
     "date_linked":"2017-06-13",
     "date_delinked":null,
     "is_void":"False",
     "area_id":257,
     "person_id":12
  }
  },
  {
     "pk":69,
     "model":"cpovc_registry.RegPersonsGeo",
     "fields": {
     "area_type":"GLTW",
     "date_linked":"2017-06-13",
     "date_delinked":null,
     "is_void":"False",
     "area_id":235,
     "person_id":13
  }
  },
  {
     "pk":70,
     "model":"cpovc_registry.RegPersonsGeo",
     "fields": {
     "area_type":"GLTW",
     "date_linked":"2017-06-13",
     "date_delinked":null,
     "is_void":"False",
     "area_id":236,
     "person_id":13
  }
  },
  {
     "pk":71,
     "model":"cpovc_registry.RegPersonsGeo",
     "fields": {
     "area_type":"GLTW",
     "date_linked":"2017-06-13",
     "date_delinked":null,
     "is_void":"False",
     "area_id":237,
     "person_id":13
  }
  },
  {
     "pk":72,
     "model":"cpovc_registry.RegPersonsGeo",
     "fields": {
     "area_type":"GLTW",
     "date_linked":"2017-06-13",
     "date_delinked":null,
     "is_void":"False",
     "area_id":238,
     "person_id":13
  }
  },
  {
     "pk":73,
     "model":"cpovc_registry.RegPersonsGeo",
     "fields": {
     "area_type":"GLTW",
     "date_linked":"2017-06-13",
     "date_delinked":null,
     "is_void":"False",
     "area_id":239,
     "person_id":13
  }
  },
  {
     "pk":74,
     "model":"cpovc_registry.RegPersonsGeo",
     "fields": {
     "area_type":"GLTW",
     "date_linked":"2017-06-13",
     "date_delinked":null,
     "is_void":"False",
     "area_id":240,
     "person_id":13
  }
  },
  {
     "pk":75,
     "model":"cpovc_registry.RegPersonsGeo",
     "fields": {
     "area_type":"GLTW",
     "date_linked":"2017-06-13",
     "date_delinked":null,
     "is_void":"False",
     "area_id":158,
     "person_id":14
  }
  },
  {
     "pk":76,
     "model":"cpovc_registry.RegPersonsGeo",
     "fields": {
     "area_type":"GLTW",
     "date_linked":"2017-06-13",
     "date_delinked":null,
     "is_void":"False",
     "area_id":159,
     "person_id":14
  }
  },
  {
     "pk":77,
     "model":"cpovc_registry.RegPersonsGeo",
     "fields": {
     "area_type":"GLTW",
     "date_linked":"2017-06-13",
     "date_delinked":null,
     "is_void":"False",
     "area_id":160,
     "person_id":14
  }
  },
  {
     "pk":78,
     "model":"cpovc_registry.RegPersonsGeo",
     "fields": {
     "area_type":"GLTW",
     "date_linked":"2017-06-13",
     "date_delinked":null,
     "is_void":"False",
     "area_id":161,
     "person_id":14
  }
  },
  {
     "pk":79,
     "model":"cpovc_registry.RegPersonsGeo",
     "fields": {
     "area_type":"GLTW",
     "date_linked":"2017-06-13",
     "date_delinked":null,
     "is_void":"False",
     "area_id":162,
     "person_id":14
  }
  },
  {
     "pk":80,
     "model":"cpovc_registry.RegPersonsGeo",
     "fields": {
     "area_type":"GLTW",
     "date_linked":"2017-06-13",
     "date_delinked":null,
     "is_void":"False",
     "area_id":163,
     "person_id":14
  }
  },
  {
     "pk":81,
     "model":"cpovc_registry.RegPersonsGeo",
     "fields": {
     "area_type":"GLTW",
     "date_linked":"2017-06-13",
     "date_delinked":null,
     "is_void":"False",
     "area_id":164,
     "person_id":14
  }
  },
  {
     "pk":82,
     "model":"cpovc_registry.RegPersonsGeo",
     "fields": {
     "area_type":"GLTW",
     "date_linked":"2017-06-13",
     "date_delinked":null,
     "is_void":"False",
     "area_id":165,
     "person_id":14
  }
  },
  {
     "pk":83,
     "model":"cpovc_registry.RegPersonsGeo",
     "fields": {
     "area_type":"GLTW",
     "date_linked":"2017-06-13",
     "date_delinked":null,
     "is_void":"False",
     "area_id":166,
     "person_id":14
  }
  },
  {
     "pk":84,
     "model":"cpovc_registry.RegPersonsGeo",
     "fields": {
     "area_type":"GLTW",
     "date_linked":"2017-06-13",
     "date_delinked":null,
     "is_void":"False",
     "area_id":167,
     "person_id":14
  }
  },
  {
     "pk":85,
     "model":"cpovc_registry.RegPersonsGeo",
     "fields": {
     "area_type":"GLTW",
     "date_linked":"2017-06-13",
     "date_delinked":null,
     "is_void":"False",
     "area_id":168,
     "person_id":14
  }
  },
  {
     "pk":86,
     "model":"cpovc_registry.RegPersonsGeo",
     "fields": {
     "area_type":"GLTW",
     "date_linked":"2017-06-13",
     "date_delinked":null,
     "is_void":"False",
     "area_id":169,
     "person_id":14
  }
  },
  {
     "pk":87,
     "model":"cpovc_registry.RegPersonsGeo",
     "fields": {
     "area_type":"GLTW",
     "date_linked":"2017-06-13",
     "date_delinked":null,
     "is_void":"False",
     "area_id":58,
     "person_id":15
  }
  },
  {
     "pk":88,
     "model":"cpovc_registry.RegPersonsGeo",
     "fields": {
     "area_type":"GLTW",
     "date_linked":"2017-06-13",
     "date_delinked":null,
     "is_void":"False",
     "area_id":59,
     "person_id":15
  }
  },
  {
     "pk":89,
     "model":"cpovc_registry.RegPersonsGeo",
     "fields": {
     "area_type":"GLTW",
     "date_linked":"2017-06-13",
     "date_delinked":null,
     "is_void":"False",
     "area_id":60,
     "person_id":15
  }
  },
  {
     "pk":90,
     "model":"cpovc_registry.RegPersonsGeo",
     "fields": {
     "area_type":"GLTW",
     "date_linked":"2017-06-13",
     "date_delinked":null,
     "is_void":"False",
     "area_id":61,
     "person_id":15
  }
  },
  {
     "pk":91,
     "model":"cpovc_registry.RegPersonsGeo",
     "fields": {
     "area_type":"GLTW",
     "date_linked":"2017-06-13",
     "date_delinked":null,
     "is_void":"False",
     "area_id":62,
     "person_id":15
  }
  },
  {
     "pk":92,
     "model":"cpovc_registry.RegPersonsGeo",
     "fields": {
     "area_type":"GLTW",
     "date_linked":"2017-06-13",
     "date_delinked":null,
     "is_void":"False",
     "area_id":63,
     "person_id":15
  }
  },
  {
     "pk":93,
     "model":"cpovc_registry.RegPersonsGeo",
     "fields": {
     "area_type":"GLTW",
     "date_linked":"2017-06-13",
     "date_delinked":null,
     "is_void":"False",
     "area_id":64,
     "person_id":15
  }
  },
  {
     "pk":94,
     "model":"cpovc_registry.RegPersonsGeo",
     "fields": {
     "area_type":"GLTW",
     "date_linked":"2017-06-13",
     "date_delinked":null,
     "is_void":"False",
     "area_id":147,
     "person_id":16
  }
  },
  {
     "pk":95,
     "model":"cpovc_registry.RegPersonsGeo",
     "fields": {
     "area_type":"GLTW",
     "date_linked":"2017-06-13",
     "date_delinked":null,
     "is_void":"False",
     "area_id":148,
     "person_id":16
  }
  },
  {
     "pk":96,
     "model":"cpovc_registry.RegPersonsGeo",
     "fields": {
     "area_type":"GLTW",
     "date_linked":"2017-06-13",
     "date_delinked":null,
     "is_void":"False",
     "area_id":149,
     "person_id":16
  }
  },
  {
     "pk":97,
     "model":"cpovc_registry.RegPersonsGeo",
     "fields": {
     "area_type":"GLTW",
     "date_linked":"2017-06-13",
     "date_delinked":null,
     "is_void":"False",
     "area_id":150,
     "person_id":16
  }
  },
  {
     "pk":98,
     "model":"cpovc_registry.RegPersonsGeo",
     "fields": {
     "area_type":"GLTW",
     "date_linked":"2017-06-13",
     "date_delinked":null,
     "is_void":"False",
     "area_id":308,
     "person_id":17
  }
  },
  {
     "pk":99,
     "model":"cpovc_registry.RegPersonsGeo",
     "fields": {
     "area_type":"GLTW",
     "date_linked":"2017-06-13",
     "date_delinked":null,
     "is_void":"False",
     "area_id":309,
     "person_id":17
  }
  },
  {
     "pk":100,
     "model":"cpovc_registry.RegPersonsGeo",
     "fields": {
     "area_type":"GLTW",
     "date_linked":"2017-06-13",
     "date_delinked":null,
     "is_void":"False",
     "area_id":310,
     "person_id":17
  }
  },
  {
     "pk":101,
     "model":"cpovc_registry.RegPersonsGeo",
     "fields": {
     "area_type":"GLTW",
     "date_linked":"2017-06-13",
     "date_delinked":null,
     "is_void":"False",
     "area_id":311,
     "person_id":17
  }
  },
  {
     "pk":102,
     "model":"cpovc_registry.RegPersonsGeo",
     "fields": {
     "area_type":"GLTW",
     "date_linked":"2017-06-13",
     "date_delinked":null,
     "is_void":"False",
     "area_id":312,
     "person_id":17
  }
  },
  {
     "pk":103,
     "model":"cpovc_registry.RegPersonsGeo",
     "fields": {
     "area_type":"GLTW",
     "date_linked":"2017-06-13",
     "date_delinked":null,
     "is_void":"False",
     "area_id":313,
     "person_id":17
  }
  },
  {
     "pk":104,
     "model":"cpovc_registry.RegPersonsGeo",
     "fields": {
     "area_type":"GLTW",
     "date_linked":"2017-06-13",
     "date_delinked":null,
     "is_void":"False",
     "area_id":314,
     "person_id":17
  }
  },
  {
     "pk":105,
     "model":"cpovc_registry.RegPersonsGeo",
     "fields": {
     "area_type":"GLTW",
     "date_linked":"2017-06-13",
     "date_delinked":null,
     "is_void":"False",
     "area_id":315,
     "person_id":17
  }
  },
  {
     "pk":106,
     "model":"cpovc_registry.RegPersonsGeo",
     "fields": {
     "area_type":"GLTW",
     "date_linked":"2017-06-13",
     "date_delinked":null,
     "is_void":"False",
     "area_id":316,
     "person_id":17
  }
  },
  {
     "pk":107,
     "model":"cpovc_registry.RegPersonsGeo",
     "fields": {
     "area_type":"GLTW",
     "date_linked":"2017-06-13",
     "date_delinked":null,
     "is_void":"False",
     "area_id":285,
     "person_id":18
  }
  },
  {
     "pk":108,
     "model":"cpovc_registry.RegPersonsGeo",
     "fields": {
     "area_type":"GLTW",
     "date_linked":"2017-06-13",
     "date_delinked":null,
     "is_void":"False",
     "area_id":286,
     "person_id":18
  }
  },
  {
     "pk":109,
     "model":"cpovc_registry.RegPersonsGeo",
     "fields": {
     "area_type":"GLTW",
     "date_linked":"2017-06-13",
     "date_delinked":null,
     "is_void":"False",
     "area_id":287,
     "person_id":18
  }
  },
  {
     "pk":110,
     "model":"cpovc_registry.RegPersonsGeo",
     "fields": {
     "area_type":"GLTW",
     "date_linked":"2017-06-13",
     "date_delinked":null,
     "is_void":"False",
     "area_id":288,
     "person_id":18
  }
  },
  {
     "pk":111,
     "model":"cpovc_registry.RegPersonsGeo",
     "fields": {
     "area_type":"GLTW",
     "date_linked":"2017-06-13",
     "date_delinked":null,
     "is_void":"False",
     "area_id":289,
     "person_id":18
  }
  },
  {
     "pk":112,
     "model":"cpovc_registry.RegPersonsGeo",
     "fields": {
     "area_type":"GLTW",
     "date_linked":"2017-06-13",
     "date_delinked":null,
     "is_void":"False",
     "area_id":290,
     "person_id":18
  }
  },
  {
     "pk":113,
     "model":"cpovc_registry.RegPersonsGeo",
     "fields": {
     "area_type":"GLTW",
     "date_linked":"2017-06-13",
     "date_delinked":null,
     "is_void":"False",
     "area_id":291,
     "person_id":18
  }
  },
  {
     "pk":114,
     "model":"cpovc_registry.RegPersonsGeo",
     "fields": {
     "area_type":"GLTW",
     "date_linked":"2017-06-13",
     "date_delinked":null,
     "is_void":"False",
     "area_id":114,
     "person_id":19
  }
  },
  {
     "pk":115,
     "model":"cpovc_registry.RegPersonsGeo",
     "fields": {
     "area_type":"GLTW",
     "date_linked":"2017-06-13",
     "date_delinked":null,
     "is_void":"False",
     "area_id":115,
     "person_id":19
  }
  },
  {
     "pk":116,
     "model":"cpovc_registry.RegPersonsGeo",
     "fields": {
     "area_type":"GLTW",
     "date_linked":"2017-06-13",
     "date_delinked":null,
     "is_void":"False",
     "area_id":116,
     "person_id":19
  }
  },
  {
     "pk":117,
     "model":"cpovc_registry.RegPersonsGeo",
     "fields": {
     "area_type":"GLTW",
     "date_linked":"2017-06-13",
     "date_delinked":null,
     "is_void":"False",
     "area_id":117,
     "person_id":19
  }
  },
  {
     "pk":118,
     "model":"cpovc_registry.RegPersonsGeo",
     "fields": {
     "area_type":"GLTW",
     "date_linked":"2017-06-13",
     "date_delinked":null,
     "is_void":"False",
     "area_id":118,
     "person_id":19
  }
  },
  {
     "pk":119,
     "model":"cpovc_registry.RegPersonsGeo",
     "fields": {
     "area_type":"GLTW",
     "date_linked":"2017-06-13",
     "date_delinked":null,
     "is_void":"False",
     "area_id":119,
     "person_id":19
  }
  },
  {
     "pk":120,
     "model":"cpovc_registry.RegPersonsGeo",
     "fields": {
     "area_type":"GLTW",
     "date_linked":"2017-06-13",
     "date_delinked":null,
     "is_void":"False",
     "area_id":120,
     "person_id":19
  }
  },
  {
     "pk":121,
     "model":"cpovc_registry.RegPersonsGeo",
     "fields": {
     "area_type":"GLTW",
     "date_linked":"2017-06-13",
     "date_delinked":null,
     "is_void":"False",
     "area_id":121,
     "person_id":19
  }
  },
  {
     "pk":122,
     "model":"cpovc_registry.RegPersonsGeo",
     "fields": {
     "area_type":"GLTW",
     "date_linked":"2017-06-13",
     "date_delinked":null,
     "is_void":"False",
     "area_id":54,
     "person_id":20
  }
  },
  {
     "pk":123,
     "model":"cpovc_registry.RegPersonsGeo",
     "fields": {
     "area_type":"GLTW",
     "date_linked":"2017-06-13",
     "date_delinked":null,
     "is_void":"False",
     "area_id":55,
     "person_id":20
  }
  },
  {
     "pk":124,
     "model":"cpovc_registry.RegPersonsGeo",
     "fields": {
     "area_type":"GLTW",
     "date_linked":"2017-06-13",
     "date_delinked":null,
     "is_void":"False",
     "area_id":56,
     "person_id":20
  }
  },
  {
     "pk":125,
     "model":"cpovc_registry.RegPersonsGeo",
     "fields": {
     "area_type":"GLTW",
     "date_linked":"2017-06-13",
     "date_delinked":null,
     "is_void":"False",
     "area_id":57,
     "person_id":20
  }
  },
  {
     "pk":126,
     "model":"cpovc_registry.RegPersonsGeo",
     "fields": {
     "area_type":"GLTW",
     "date_linked":"2017-06-13",
     "date_delinked":null,
     "is_void":"False",
     "area_id":210,
     "person_id":21
  }
  },
  {
     "pk":127,
     "model":"cpovc_registry.RegPersonsGeo",
     "fields": {
     "area_type":"GLTW",
     "date_linked":"2017-06-13",
     "date_delinked":null,
     "is_void":"False",
     "area_id":211,
     "person_id":21
  }
  },
  {
     "pk":128,
     "model":"cpovc_registry.RegPersonsGeo",
     "fields": {
     "area_type":"GLTW",
     "date_linked":"2017-06-13",
     "date_delinked":null,
     "is_void":"False",
     "area_id":212,
     "person_id":21
  }
  },
  {
     "pk":129,
     "model":"cpovc_registry.RegPersonsGeo",
     "fields": {
     "area_type":"GLTW",
     "date_linked":"2017-06-13",
     "date_delinked":null,
     "is_void":"False",
     "area_id":68,
     "person_id":22
  }
  },
  {
     "pk":130,
     "model":"cpovc_registry.RegPersonsGeo",
     "fields": {
     "area_type":"GLTW",
     "date_linked":"2017-06-13",
     "date_delinked":null,
     "is_void":"False",
     "area_id":69,
     "person_id":22
  }
  },
  {
     "pk":131,
     "model":"cpovc_registry.RegPersonsGeo",
     "fields": {
     "area_type":"GLTW",
     "date_linked":"2017-06-13",
     "date_delinked":null,
     "is_void":"False",
     "area_id":122,
     "person_id":23
  }
  },
  {
     "pk":132,
     "model":"cpovc_registry.RegPersonsGeo",
     "fields": {
     "area_type":"GLTW",
     "date_linked":"2017-06-13",
     "date_delinked":null,
     "is_void":"False",
     "area_id":123,
     "person_id":23
  }
  },
  {
     "pk":133,
     "model":"cpovc_registry.RegPersonsGeo",
     "fields": {
     "area_type":"GLTW",
     "date_linked":"2017-06-13",
     "date_delinked":null,
     "is_void":"False",
     "area_id":124,
     "person_id":23
  }
  },
  {
     "pk":134,
     "model":"cpovc_registry.RegPersonsGeo",
     "fields": {
     "area_type":"GLTW",
     "date_linked":"2017-06-13",
     "date_delinked":null,
     "is_void":"False",
     "area_id":125,
     "person_id":23
  }
  },
  {
     "pk":135,
     "model":"cpovc_registry.RegPersonsGeo",
     "fields": {
     "area_type":"GLTW",
     "date_linked":"2017-06-13",
     "date_delinked":null,
     "is_void":"False",
     "area_id":126,
     "person_id":23
  }
  },
  {
     "pk":136,
     "model":"cpovc_registry.RegPersonsGeo",
     "fields": {
     "area_type":"GLTW",
     "date_linked":"2017-06-13",
     "date_delinked":null,
     "is_void":"False",
     "area_id":127,
     "person_id":23
  }
  },
  {
     "pk":137,
     "model":"cpovc_registry.RegPersonsGeo",
     "fields": {
     "area_type":"GLTW",
     "date_linked":"2017-06-13",
     "date_delinked":null,
     "is_void":"False",
     "area_id":128,
     "person_id":23
  }
  },
  {
     "pk":138,
     "model":"cpovc_registry.RegPersonsGeo",
     "fields": {
     "area_type":"GLTW",
     "date_linked":"2017-06-13",
     "date_delinked":null,
     "is_void":"False",
     "area_id":129,
     "person_id":23
  }
  },
  {
     "pk":139,
     "model":"cpovc_registry.RegPersonsGeo",
     "fields": {
     "area_type":"GLTW",
     "date_linked":"2017-06-13",
     "date_delinked":null,
     "is_void":"False",
     "area_id":130,
     "person_id":24
  }
  },
  {
     "pk":140,
     "model":"cpovc_registry.RegPersonsGeo",
     "fields": {
     "area_type":"GLTW",
     "date_linked":"2017-06-13",
     "date_delinked":null,
     "is_void":"False",
     "area_id":131,
     "person_id":24
  }
  },
  {
     "pk":141,
     "model":"cpovc_registry.RegPersonsGeo",
     "fields": {
     "area_type":"GLTW",
     "date_linked":"2017-06-13",
     "date_delinked":null,
     "is_void":"False",
     "area_id":132,
     "person_id":24
  }
  },
  {
     "pk":142,
     "model":"cpovc_registry.RegPersonsGeo",
     "fields": {
     "area_type":"GLTW",
     "date_linked":"2017-06-13",
     "date_delinked":null,
     "is_void":"False",
     "area_id":133,
     "person_id":24
  }
  },
  {
     "pk":143,
     "model":"cpovc_registry.RegPersonsGeo",
     "fields": {
     "area_type":"GLTW",
     "date_linked":"2017-06-13",
     "date_delinked":null,
     "is_void":"False",
     "area_id":134,
     "person_id":24
  }
  },
  {
     "pk":144,
     "model":"cpovc_registry.RegPersonsGeo",
     "fields": {
     "area_type":"GLTW",
     "date_linked":"2017-06-13",
     "date_delinked":null,
     "is_void":"False",
     "area_id":135,
     "person_id":24
  }
  },
  {
     "pk":145,
     "model":"cpovc_registry.RegPersonsGeo",
     "fields": {
     "area_type":"GLTW",
     "date_linked":"2017-06-13",
     "date_delinked":null,
     "is_void":"False",
     "area_id":86,
     "person_id":25
  }
  },
  {
     "pk":146,
     "model":"cpovc_registry.RegPersonsGeo",
     "fields": {
     "area_type":"GLTW",
     "date_linked":"2017-06-13",
     "date_delinked":null,
     "is_void":"False",
     "area_id":87,
     "person_id":25
  }
  },
  {
     "pk":147,
     "model":"cpovc_registry.RegPersonsGeo",
     "fields": {
     "area_type":"GLTW",
     "date_linked":"2017-06-13",
     "date_delinked":null,
     "is_void":"False",
     "area_id":88,
     "person_id":25
  }
  },
  {
     "pk":148,
     "model":"cpovc_registry.RegPersonsGeo",
     "fields": {
     "area_type":"GLTW",
     "date_linked":"2017-06-13",
     "date_delinked":null,
     "is_void":"False",
     "area_id":89,
     "person_id":25
  }
  },
  {
     "pk":149,
     "model":"cpovc_registry.RegPersonsGeo",
     "fields": {
     "area_type":"GLTW",
     "date_linked":"2017-06-13",
     "date_delinked":null,
     "is_void":"False",
     "area_id":90,
     "person_id":25
  }
  },
  {
     "pk":150,
     "model":"cpovc_registry.RegPersonsGeo",
     "fields": {
     "area_type":"GLTW",
     "date_linked":"2017-06-13",
     "date_delinked":null,
     "is_void":"False",
     "area_id":91,
     "person_id":25
  }
  },
  {
     "pk":151,
     "model":"cpovc_registry.RegPersonsGeo",
     "fields": {
     "area_type":"GLTW",
     "date_linked":"2017-06-13",
     "date_delinked":null,
     "is_void":"False",
     "area_id":92,
     "person_id":26
  }
  },
  {
     "pk":152,
     "model":"cpovc_registry.RegPersonsGeo",
     "fields": {
     "area_type":"GLTW",
     "date_linked":"2017-06-13",
     "date_delinked":null,
     "is_void":"False",
     "area_id":93,
     "person_id":26
  }
  },
  {
     "pk":153,
     "model":"cpovc_registry.RegPersonsGeo",
     "fields": {
     "area_type":"GLTW",
     "date_linked":"2017-06-13",
     "date_delinked":null,
     "is_void":"False",
     "area_id":94,
     "person_id":26
  }
  },
  {
     "pk":154,
     "model":"cpovc_registry.RegPersonsGeo",
     "fields": {
     "area_type":"GLTW",
     "date_linked":"2017-06-13",
     "date_delinked":null,
     "is_void":"False",
     "area_id":95,
     "person_id":26
  }
  },
  {
     "pk":155,
     "model":"cpovc_registry.RegPersonsGeo",
     "fields": {
     "area_type":"GLTW",
     "date_linked":"2017-06-13",
     "date_delinked":null,
     "is_void":"False",
     "area_id":98,
     "person_id":27
  }
  },
  {
     "pk":156,
     "model":"cpovc_registry.RegPersonsGeo",
     "fields": {
     "area_type":"GLTW",
     "date_linked":"2017-06-13",
     "date_delinked":null,
     "is_void":"False",
     "area_id":99,
     "person_id":27
  }
  },
  {
     "pk":157,
     "model":"cpovc_registry.RegPersonsGeo",
     "fields": {
     "area_type":"GLTW",
     "date_linked":"2017-06-13",
     "date_delinked":null,
     "is_void":"False",
     "area_id":100,
     "person_id":27
  }
  },
  {
     "pk":158,
     "model":"cpovc_registry.RegPersonsGeo",
     "fields": {
     "area_type":"GLTW",
     "date_linked":"2017-06-13",
     "date_delinked":null,
     "is_void":"False",
     "area_id":101,
     "person_id":27
  }
  },
  {
     "pk":159,
     "model":"cpovc_registry.RegPersonsGeo",
     "fields": {
     "area_type":"GLTW",
     "date_linked":"2017-06-13",
     "date_delinked":null,
     "is_void":"False",
     "area_id":102,
     "person_id":27
  }
  },
  {
     "pk":160,
     "model":"cpovc_registry.RegPersonsGeo",
     "fields": {
     "area_type":"GLTW",
     "date_linked":"2017-06-13",
     "date_delinked":null,
     "is_void":"False",
     "area_id":103,
     "person_id":27
  }
  },
  {
     "pk":161,
     "model":"cpovc_registry.RegPersonsGeo",
     "fields": {
     "area_type":"GLTW",
     "date_linked":"2017-06-13",
     "date_delinked":null,
     "is_void":"False",
     "area_id":104,
     "person_id":27
  }
  },
  {
     "pk":162,
     "model":"cpovc_registry.RegPersonsGeo",
     "fields": {
     "area_type":"GLTW",
     "date_linked":"2017-06-13",
     "date_delinked":null,
     "is_void":"False",
     "area_id":105,
     "person_id":27
  }
  },
  {
     "pk":163,
     "model":"cpovc_registry.RegPersonsGeo",
     "fields": {
     "area_type":"GLTW",
     "date_linked":"2017-06-13",
     "date_delinked":null,
     "is_void":"False",
     "area_id":106,
     "person_id":27
  }
  },
  {
     "pk":164,
     "model":"cpovc_registry.RegPersonsGeo",
     "fields": {
     "area_type":"GLTW",
     "date_linked":"2017-06-13",
     "date_delinked":null,
     "is_void":"False",
     "area_id":300,
     "person_id":28
  }
  },
  {
     "pk":165,
     "model":"cpovc_registry.RegPersonsGeo",
     "fields": {
     "area_type":"GLTW",
     "date_linked":"2017-06-13",
     "date_delinked":null,
     "is_void":"False",
     "area_id":301,
     "person_id":28
  }
  },
  {
     "pk":166,
     "model":"cpovc_registry.RegPersonsGeo",
     "fields": {
     "area_type":"GLTW",
     "date_linked":"2017-06-13",
     "date_delinked":null,
     "is_void":"False",
     "area_id":302,
     "person_id":28
  }
  },
  {
     "pk":167,
     "model":"cpovc_registry.RegPersonsGeo",
     "fields": {
     "area_type":"GLTW",
     "date_linked":"2017-06-13",
     "date_delinked":null,
     "is_void":"False",
     "area_id":303,
     "person_id":28
  }
  },
  {
     "pk":168,
     "model":"cpovc_registry.RegPersonsGeo",
     "fields": {
     "area_type":"GLTW",
     "date_linked":"2017-06-13",
     "date_delinked":null,
     "is_void":"False",
     "area_id":304,
     "person_id":28
  }
  },
  {
     "pk":169,
     "model":"cpovc_registry.RegPersonsGeo",
     "fields": {
     "area_type":"GLTW",
     "date_linked":"2017-06-13",
     "date_delinked":null,
     "is_void":"False",
     "area_id":305,
     "person_id":28
  }
  },
  {
     "pk":170,
     "model":"cpovc_registry.RegPersonsGeo",
     "fields": {
     "area_type":"GLTW",
     "date_linked":"2017-06-13",
     "date_delinked":null,
     "is_void":"False",
     "area_id":306,
     "person_id":28
  }
  },
  {
     "pk":171,
     "model":"cpovc_registry.RegPersonsGeo",
     "fields": {
     "area_type":"GLTW",
     "date_linked":"2017-06-13",
     "date_delinked":null,
     "is_void":"False",
     "area_id":307,
     "person_id":28
  }
  },
  {
     "pk":172,
     "model":"cpovc_registry.RegPersonsGeo",
     "fields": {
     "area_type":"GLTW",
     "date_linked":"2017-06-13",
     "date_delinked":null,
     "is_void":"False",
     "area_id":48,
     "person_id":29
  }
  },
  {
     "pk":173,
     "model":"cpovc_registry.RegPersonsGeo",
     "fields": {
     "area_type":"GLTW",
     "date_linked":"2017-06-13",
     "date_delinked":null,
     "is_void":"False",
     "area_id":49,
     "person_id":29
  }
  },
  {
     "pk":174,
     "model":"cpovc_registry.RegPersonsGeo",
     "fields": {
     "area_type":"GLTW",
     "date_linked":"2017-06-13",
     "date_delinked":null,
     "is_void":"False",
     "area_id":50,
     "person_id":29
  }
  },
  {
     "pk":175,
     "model":"cpovc_registry.RegPersonsGeo",
     "fields": {
     "area_type":"GLTW",
     "date_linked":"2017-06-13",
     "date_delinked":null,
     "is_void":"False",
     "area_id":51,
     "person_id":29
  }
  },
  {
     "pk":176,
     "model":"cpovc_registry.RegPersonsGeo",
     "fields": {
     "area_type":"GLTW",
     "date_linked":"2017-06-13",
     "date_delinked":null,
     "is_void":"False",
     "area_id":52,
     "person_id":29
  }
  },
  {
     "pk":177,
     "model":"cpovc_registry.RegPersonsGeo",
     "fields": {
     "area_type":"GLTW",
     "date_linked":"2017-06-13",
     "date_delinked":null,
     "is_void":"False",
     "area_id":53,
     "person_id":29
  }
  },
  {
     "pk":178,
     "model":"cpovc_registry.RegPersonsGeo",
     "fields": {
     "area_type":"GLTW",
     "date_linked":"2017-06-13",
     "date_delinked":null,
     "is_void":"False",
     "area_id":151,
     "person_id":30
  }
  },
  {
     "pk":179,
     "model":"cpovc_registry.RegPersonsGeo",
     "fields": {
     "area_type":"GLTW",
     "date_linked":"2017-06-13",
     "date_delinked":null,
     "is_void":"False",
     "area_id":152,
     "person_id":30
  }
  },
  {
     "pk":180,
     "model":"cpovc_registry.RegPersonsGeo",
     "fields": {
     "area_type":"GLTW",
     "date_linked":"2017-06-13",
     "date_delinked":null,
     "is_void":"False",
     "area_id":153,
     "person_id":30
  }
  },
  {
     "pk":181,
     "model":"cpovc_registry.RegPersonsGeo",
     "fields": {
     "area_type":"GLTW",
     "date_linked":"2017-06-13",
     "date_delinked":null,
     "is_void":"False",
     "area_id":154,
     "person_id":30
  }
  },
  {
     "pk":182,
     "model":"cpovc_registry.RegPersonsGeo",
     "fields": {
     "area_type":"GLTW",
     "date_linked":"2017-06-13",
     "date_delinked":null,
     "is_void":"False",
     "area_id":155,
     "person_id":30
  }
  },
  {
     "pk":183,
     "model":"cpovc_registry.RegPersonsGeo",
     "fields": {
     "area_type":"GLTW",
     "date_linked":"2017-06-13",
     "date_delinked":null,
     "is_void":"False",
     "area_id":156,
     "person_id":30
  }
  },
  {
     "pk":184,
     "model":"cpovc_registry.RegPersonsGeo",
     "fields": {
     "area_type":"GLTW",
     "date_linked":"2017-06-13",
     "date_delinked":null,
     "is_void":"False",
     "area_id":157,
     "person_id":30
  }
  },
  {
     "pk":185,
     "model":"cpovc_registry.RegPersonsGeo",
     "fields": {
     "area_type":"GLTW",
     "date_linked":"2017-06-13",
     "date_delinked":null,
     "is_void":"False",
     "area_id":321,
     "person_id":31
  }
  },
  {
     "pk":186,
     "model":"cpovc_registry.RegPersonsGeo",
     "fields": {
     "area_type":"GLTW",
     "date_linked":"2017-06-13",
     "date_delinked":null,
     "is_void":"False",
     "area_id":322,
     "person_id":31
  }
  },
  {
     "pk":187,
     "model":"cpovc_registry.RegPersonsGeo",
     "fields": {
     "area_type":"GLTW",
     "date_linked":"2017-06-13",
     "date_delinked":null,
     "is_void":"False",
     "area_id":323,
     "person_id":31
  }
  },
  {
     "pk":188,
     "model":"cpovc_registry.RegPersonsGeo",
     "fields": {
     "area_type":"GLTW",
     "date_linked":"2017-06-13",
     "date_delinked":null,
     "is_void":"False",
     "area_id":324,
     "person_id":31
  }
  },
  {
     "pk":189,
     "model":"cpovc_registry.RegPersonsGeo",
     "fields": {
     "area_type":"GLTW",
     "date_linked":"2017-06-13",
     "date_delinked":null,
     "is_void":"False",
     "area_id":325,
     "person_id":31
  }
  },
  {
     "pk":190,
     "model":"cpovc_registry.RegPersonsGeo",
     "fields": {
     "area_type":"GLTW",
     "date_linked":"2017-06-13",
     "date_delinked":null,
     "is_void":"False",
     "area_id":326,
     "person_id":31
  }
  },
  {
     "pk":191,
     "model":"cpovc_registry.RegPersonsGeo",
     "fields": {
     "area_type":"GLTW",
     "date_linked":"2017-06-13",
     "date_delinked":null,
     "is_void":"False",
     "area_id":327,
     "person_id":31
  }
  },
  {
     "pk":192,
     "model":"cpovc_registry.RegPersonsGeo",
     "fields": {
     "area_type":"GLTW",
     "date_linked":"2017-06-13",
     "date_delinked":null,
     "is_void":"False",
     "area_id":328,
     "person_id":31
  }
  },
  {
     "pk":193,
     "model":"cpovc_registry.RegPersonsGeo",
     "fields": {
     "area_type":"GLTW",
     "date_linked":"2017-06-13",
     "date_delinked":null,
     "is_void":"False",
     "area_id":329,
     "person_id":31
  }
  },
  {
     "pk":194,
     "model":"cpovc_registry.RegPersonsGeo",
     "fields": {
     "area_type":"GLTW",
     "date_linked":"2017-06-13",
     "date_delinked":null,
     "is_void":"False",
     "area_id":330,
     "person_id":31
  }
  },
  {
     "pk":195,
     "model":"cpovc_registry.RegPersonsGeo",
     "fields": {
     "area_type":"GLTW",
     "date_linked":"2017-06-13",
     "date_delinked":null,
     "is_void":"False",
     "area_id":331,
     "person_id":31
  }
  },
  {
     "pk":196,
     "model":"cpovc_registry.RegPersonsGeo",
     "fields": {
     "area_type":"GLTW",
     "date_linked":"2017-06-13",
     "date_delinked":null,
     "is_void":"False",
     "area_id":332,
     "person_id":31
  }
  },
  {
     "pk":197,
     "model":"cpovc_registry.RegPersonsGeo",
     "fields": {
     "area_type":"GLTW",
     "date_linked":"2017-06-13",
     "date_delinked":null,
     "is_void":"False",
     "area_id":333,
     "person_id":31
  }
  },
  {
     "pk":198,
     "model":"cpovc_registry.RegPersonsGeo",
     "fields": {
     "area_type":"GLTW",
     "date_linked":"2017-06-13",
     "date_delinked":null,
     "is_void":"False",
     "area_id":334,
     "person_id":31
  }
  },
  {
     "pk":199,
     "model":"cpovc_registry.RegPersonsGeo",
     "fields": {
     "area_type":"GLTW",
     "date_linked":"2017-06-13",
     "date_delinked":null,
     "is_void":"False",
     "area_id":335,
     "person_id":31
  }
  },
  {
     "pk":200,
     "model":"cpovc_registry.RegPersonsGeo",
     "fields": {
     "area_type":"GLTW",
     "date_linked":"2017-06-13",
     "date_delinked":null,
     "is_void":"False",
     "area_id":336,
     "person_id":31
  }
  },
  {
     "pk":201,
     "model":"cpovc_registry.RegPersonsGeo",
     "fields": {
     "area_type":"GLTW",
     "date_linked":"2017-06-13",
     "date_delinked":null,
     "is_void":"False",
     "area_id":337,
     "person_id":31
  }
  },
  {
     "pk":202,
     "model":"cpovc_registry.RegPersonsGeo",
     "fields": {
     "area_type":"GLTW",
     "date_linked":"2017-06-13",
     "date_delinked":null,
     "is_void":"False",
     "area_id":213,
     "person_id":32
  }
  },
  {
     "pk":203,
     "model":"cpovc_registry.RegPersonsGeo",
     "fields": {
     "area_type":"GLTW",
     "date_linked":"2017-06-13",
     "date_delinked":null,
     "is_void":"False",
     "area_id":214,
     "person_id":32
  }
  },
  {
     "pk":204,
     "model":"cpovc_registry.RegPersonsGeo",
     "fields": {
     "area_type":"GLTW",
     "date_linked":"2017-06-13",
     "date_delinked":null,
     "is_void":"False",
     "area_id":215,
     "person_id":32
  }
  },
  {
     "pk":205,
     "model":"cpovc_registry.RegPersonsGeo",
     "fields": {
     "area_type":"GLTW",
     "date_linked":"2017-06-13",
     "date_delinked":null,
     "is_void":"False",
     "area_id":216,
     "person_id":32
  }
  },
  {
     "pk":206,
     "model":"cpovc_registry.RegPersonsGeo",
     "fields": {
     "area_type":"GLTW",
     "date_linked":"2017-06-13",
     "date_delinked":null,
     "is_void":"False",
     "area_id":217,
     "person_id":32
  }
  },
  {
     "pk":207,
     "model":"cpovc_registry.RegPersonsGeo",
     "fields": {
     "area_type":"GLTW",
     "date_linked":"2017-06-13",
     "date_delinked":null,
     "is_void":"False",
     "area_id":218,
     "person_id":32
  }
  },
  {
     "pk":208,
     "model":"cpovc_registry.RegPersonsGeo",
     "fields": {
     "area_type":"GLTW",
     "date_linked":"2017-06-13",
     "date_delinked":null,
     "is_void":"False",
     "area_id":219,
     "person_id":32
  }
  },
  {
     "pk":209,
     "model":"cpovc_registry.RegPersonsGeo",
     "fields": {
     "area_type":"GLTW",
     "date_linked":"2017-06-13",
     "date_delinked":null,
     "is_void":"False",
     "area_id":220,
     "person_id":32
  }
  },
  {
     "pk":210,
     "model":"cpovc_registry.RegPersonsGeo",
     "fields": {
     "area_type":"GLTW",
     "date_linked":"2017-06-13",
     "date_delinked":null,
     "is_void":"False",
     "area_id":221,
     "person_id":32
  }
  },
  {
     "pk":211,
     "model":"cpovc_registry.RegPersonsGeo",
     "fields": {
     "area_type":"GLTW",
     "date_linked":"2017-06-13",
     "date_delinked":null,
     "is_void":"False",
     "area_id":222,
     "person_id":32
  }
  },
  {
     "pk":212,
     "model":"cpovc_registry.RegPersonsGeo",
     "fields": {
     "area_type":"GLTW",
     "date_linked":"2017-06-13",
     "date_delinked":null,
     "is_void":"False",
     "area_id":223,
     "person_id":32
  }
  },
  {
     "pk":213,
     "model":"cpovc_registry.RegPersonsGeo",
     "fields": {
     "area_type":"GLTW",
     "date_linked":"2017-06-13",
     "date_delinked":null,
     "is_void":"False",
     "area_id":198,
     "person_id":33
  }
  },
  {
     "pk":214,
     "model":"cpovc_registry.RegPersonsGeo",
     "fields": {
     "area_type":"GLTW",
     "date_linked":"2017-06-13",
     "date_delinked":null,
     "is_void":"False",
     "area_id":199,
     "person_id":33
  }
  },
  {
     "pk":215,
     "model":"cpovc_registry.RegPersonsGeo",
     "fields": {
     "area_type":"GLTW",
     "date_linked":"2017-06-13",
     "date_delinked":null,
     "is_void":"False",
     "area_id":200,
     "person_id":33
  }
  },
  {
     "pk":216,
     "model":"cpovc_registry.RegPersonsGeo",
     "fields": {
     "area_type":"GLTW",
     "date_linked":"2017-06-13",
     "date_delinked":null,
     "is_void":"False",
     "area_id":201,
     "person_id":33
  }
  },
  {
     "pk":217,
     "model":"cpovc_registry.RegPersonsGeo",
     "fields": {
     "area_type":"GLTW",
     "date_linked":"2017-06-13",
     "date_delinked":null,
     "is_void":"False",
     "area_id":202,
     "person_id":33
  }
  },
  {
     "pk":218,
     "model":"cpovc_registry.RegPersonsGeo",
     "fields": {
     "area_type":"GLTW",
     "date_linked":"2017-06-13",
     "date_delinked":null,
     "is_void":"False",
     "area_id":203,
     "person_id":33
  }
  },
  {
     "pk":219,
     "model":"cpovc_registry.RegPersonsGeo",
     "fields": {
     "area_type":"GLTW",
     "date_linked":"2017-06-13",
     "date_delinked":null,
     "is_void":"False",
     "area_id":224,
     "person_id":34
  }
  },
  {
     "pk":220,
     "model":"cpovc_registry.RegPersonsGeo",
     "fields": {
     "area_type":"GLTW",
     "date_linked":"2017-06-13",
     "date_delinked":null,
     "is_void":"False",
     "area_id":225,
     "person_id":34
  }
  },
  {
     "pk":221,
     "model":"cpovc_registry.RegPersonsGeo",
     "fields": {
     "area_type":"GLTW",
     "date_linked":"2017-06-13",
     "date_delinked":null,
     "is_void":"False",
     "area_id":226,
     "person_id":34
  }
  },
  {
     "pk":222,
     "model":"cpovc_registry.RegPersonsGeo",
     "fields": {
     "area_type":"GLTW",
     "date_linked":"2017-06-13",
     "date_delinked":null,
     "is_void":"False",
     "area_id":227,
     "person_id":34
  }
  },
  {
     "pk":223,
     "model":"cpovc_registry.RegPersonsGeo",
     "fields": {
     "area_type":"GLTW",
     "date_linked":"2017-06-13",
     "date_delinked":null,
     "is_void":"False",
     "area_id":228,
     "person_id":34
  }
  },
  {
     "pk":224,
     "model":"cpovc_registry.RegPersonsGeo",
     "fields": {
     "area_type":"GLTW",
     "date_linked":"2017-06-13",
     "date_delinked":null,
     "is_void":"False",
     "area_id":229,
     "person_id":34
  }
  },
  {
     "pk":225,
     "model":"cpovc_registry.RegPersonsGeo",
     "fields": {
     "area_type":"GLTW",
     "date_linked":"2017-06-13",
     "date_delinked":null,
     "is_void":"False",
     "area_id":317,
     "person_id":35
  }
  },
  {
     "pk":226,
     "model":"cpovc_registry.RegPersonsGeo",
     "fields": {
     "area_type":"GLTW",
     "date_linked":"2017-06-13",
     "date_delinked":null,
     "is_void":"False",
     "area_id":318,
     "person_id":35
  }
  },
  {
     "pk":227,
     "model":"cpovc_registry.RegPersonsGeo",
     "fields": {
     "area_type":"GLTW",
     "date_linked":"2017-06-13",
     "date_delinked":null,
     "is_void":"False",
     "area_id":319,
     "person_id":35
  }
  },
  {
     "pk":228,
     "model":"cpovc_registry.RegPersonsGeo",
     "fields": {
     "area_type":"GLTW",
     "date_linked":"2017-06-13",
     "date_delinked":null,
     "is_void":"False",
     "area_id":320,
     "person_id":35
  }
  },
  {
     "pk":229,
     "model":"cpovc_registry.RegPersonsGeo",
     "fields": {
     "area_type":"GLTW",
     "date_linked":"2017-06-13",
     "date_delinked":null,
     "is_void":"False",
     "area_id":136,
     "person_id":36
  }
  },
  {
     "pk":230,
     "model":"cpovc_registry.RegPersonsGeo",
     "fields": {
     "area_type":"GLTW",
     "date_linked":"2017-06-13",
     "date_delinked":null,
     "is_void":"False",
     "area_id":137,
     "person_id":36
  }
  },
  {
     "pk":231,
     "model":"cpovc_registry.RegPersonsGeo",
     "fields": {
     "area_type":"GLTW",
     "date_linked":"2017-06-13",
     "date_delinked":null,
     "is_void":"False",
     "area_id":138,
     "person_id":36
  }
  },
  {
     "pk":232,
     "model":"cpovc_registry.RegPersonsGeo",
     "fields": {
     "area_type":"GLTW",
     "date_linked":"2017-06-13",
     "date_delinked":null,
     "is_void":"False",
     "area_id":139,
     "person_id":36
  }
  },
  {
     "pk":233,
     "model":"cpovc_registry.RegPersonsGeo",
     "fields": {
     "area_type":"GLTW",
     "date_linked":"2017-06-13",
     "date_delinked":null,
     "is_void":"False",
     "area_id":140,
     "person_id":36
  }
  },
  {
     "pk":234,
     "model":"cpovc_registry.RegPersonsGeo",
     "fields": {
     "area_type":"GLTW",
     "date_linked":"2017-06-13",
     "date_delinked":null,
     "is_void":"False",
     "area_id":141,
     "person_id":37
  }
  },
  {
     "pk":235,
     "model":"cpovc_registry.RegPersonsGeo",
     "fields": {
     "area_type":"GLTW",
     "date_linked":"2017-06-13",
     "date_delinked":null,
     "is_void":"False",
     "area_id":142,
     "person_id":37
  }
  },
  {
     "pk":236,
     "model":"cpovc_registry.RegPersonsGeo",
     "fields": {
     "area_type":"GLTW",
     "date_linked":"2017-06-13",
     "date_delinked":null,
     "is_void":"False",
     "area_id":143,
     "person_id":37
  }
  },
  {
     "pk":237,
     "model":"cpovc_registry.RegPersonsGeo",
     "fields": {
     "area_type":"GLTW",
     "date_linked":"2017-06-13",
     "date_delinked":null,
     "is_void":"False",
     "area_id":144,
     "person_id":37
  }
  },
  {
     "pk":238,
     "model":"cpovc_registry.RegPersonsGeo",
     "fields": {
     "area_type":"GLTW",
     "date_linked":"2017-06-13",
     "date_delinked":null,
     "is_void":"False",
     "area_id":145,
     "person_id":37
  }
  },
  {
     "pk":239,
     "model":"cpovc_registry.RegPersonsGeo",
     "fields": {
     "area_type":"GLTW",
     "date_linked":"2017-06-13",
     "date_delinked":null,
     "is_void":"False",
     "area_id":146,
     "person_id":37
  }
  },
  {
     "pk":240,
     "model":"cpovc_registry.RegPersonsGeo",
     "fields": {
     "area_type":"GLTW",
     "date_linked":"2017-06-13",
     "date_delinked":null,
     "is_void":"False",
     "area_id":180,
     "person_id":38
  }
  },
  {
     "pk":241,
     "model":"cpovc_registry.RegPersonsGeo",
     "fields": {
     "area_type":"GLTW",
     "date_linked":"2017-06-13",
     "date_delinked":null,
     "is_void":"False",
     "area_id":181,
     "person_id":38
  }
  },
  {
     "pk":242,
     "model":"cpovc_registry.RegPersonsGeo",
     "fields": {
     "area_type":"GLTW",
     "date_linked":"2017-06-13",
     "date_delinked":null,
     "is_void":"False",
     "area_id":182,
     "person_id":38
  }
  },
  {
     "pk":243,
     "model":"cpovc_registry.RegPersonsGeo",
     "fields": {
     "area_type":"GLTW",
     "date_linked":"2017-06-13",
     "date_delinked":null,
     "is_void":"False",
     "area_id":279,
     "person_id":39
  }
  },
  {
     "pk":244,
     "model":"cpovc_registry.RegPersonsGeo",
     "fields": {
     "area_type":"GLTW",
     "date_linked":"2017-06-13",
     "date_delinked":null,
     "is_void":"False",
     "area_id":280,
     "person_id":39
  }
  },
  {
     "pk":245,
     "model":"cpovc_registry.RegPersonsGeo",
     "fields": {
     "area_type":"GLTW",
     "date_linked":"2017-06-13",
     "date_delinked":null,
     "is_void":"False",
     "area_id":281,
     "person_id":39
  }
  },
  {
     "pk":246,
     "model":"cpovc_registry.RegPersonsGeo",
     "fields": {
     "area_type":"GLTW",
     "date_linked":"2017-06-13",
     "date_delinked":null,
     "is_void":"False",
     "area_id":282,
     "person_id":39
  }
  },
  {
     "pk":247,
     "model":"cpovc_registry.RegPersonsGeo",
     "fields": {
     "area_type":"GLTW",
     "date_linked":"2017-06-13",
     "date_delinked":null,
     "is_void":"False",
     "area_id":283,
     "person_id":39
  }
  },
  {
     "pk":248,
     "model":"cpovc_registry.RegPersonsGeo",
     "fields": {
     "area_type":"GLTW",
     "date_linked":"2017-06-13",
     "date_delinked":null,
     "is_void":"False",
     "area_id":284,
     "person_id":39
  }
  },
  {
     "pk":249,
     "model":"cpovc_registry.RegPersonsGeo",
     "fields": {
     "area_type":"GLTW",
     "date_linked":"2017-06-13",
     "date_delinked":null,
     "is_void":"False",
     "area_id":70,
     "person_id":40
  }
  },
  {
     "pk":250,
     "model":"cpovc_registry.RegPersonsGeo",
     "fields": {
     "area_type":"GLTW",
     "date_linked":"2017-06-13",
     "date_delinked":null,
     "is_void":"False",
     "area_id":71,
     "person_id":40
  }
  },
  {
     "pk":251,
     "model":"cpovc_registry.RegPersonsGeo",
     "fields": {
     "area_type":"GLTW",
     "date_linked":"2017-06-13",
     "date_delinked":null,
     "is_void":"False",
     "area_id":72,
     "person_id":40
  }
  },
  {
     "pk":252,
     "model":"cpovc_registry.RegPersonsGeo",
     "fields": {
     "area_type":"GLTW",
     "date_linked":"2017-06-13",
     "date_delinked":null,
     "is_void":"False",
     "area_id":73,
     "person_id":40
  }
  },
  {
     "pk":253,
     "model":"cpovc_registry.RegPersonsGeo",
     "fields": {
     "area_type":"GLTW",
     "date_linked":"2017-06-13",
     "date_delinked":null,
     "is_void":"False",
     "area_id":65,
     "person_id":41
  }
  },
  {
     "pk":254,
     "model":"cpovc_registry.RegPersonsGeo",
     "fields": {
     "area_type":"GLTW",
     "date_linked":"2017-06-13",
     "date_delinked":null,
     "is_void":"False",
     "area_id":66,
     "person_id":41
  }
  },
  {
     "pk":255,
     "model":"cpovc_registry.RegPersonsGeo",
     "fields": {
     "area_type":"GLTW",
     "date_linked":"2017-06-13",
     "date_delinked":null,
     "is_void":"False",
     "area_id":67,
     "person_id":41
  }
  },
  {
     "pk":256,
     "model":"cpovc_registry.RegPersonsGeo",
     "fields": {
     "area_type":"GLTW",
     "date_linked":"2017-06-13",
     "date_delinked":null,
     "is_void":"False",
     "area_id":107,
     "person_id":42
  }
  },
  {
     "pk":257,
     "model":"cpovc_registry.RegPersonsGeo",
     "fields": {
     "area_type":"GLTW",
     "date_linked":"2017-06-13",
     "date_delinked":null,
     "is_void":"False",
     "area_id":108,
     "person_id":42
  }
  },
  {
     "pk":258,
     "model":"cpovc_registry.RegPersonsGeo",
     "fields": {
     "area_type":"GLTW",
     "date_linked":"2017-06-13",
     "date_delinked":null,
     "is_void":"False",
     "area_id":109,
     "person_id":42
  }
  },
  {
     "pk":259,
     "model":"cpovc_registry.RegPersonsGeo",
     "fields": {
     "area_type":"GLTW",
     "date_linked":"2017-06-13",
     "date_delinked":null,
     "is_void":"False",
     "area_id":183,
     "person_id":43
  }
  },
  {
     "pk":260,
     "model":"cpovc_registry.RegPersonsGeo",
     "fields": {
     "area_type":"GLTW",
     "date_linked":"2017-06-13",
     "date_delinked":null,
     "is_void":"False",
     "area_id":184,
     "person_id":43
  }
  },
  {
     "pk":261,
     "model":"cpovc_registry.RegPersonsGeo",
     "fields": {
     "area_type":"GLTW",
     "date_linked":"2017-06-13",
     "date_delinked":null,
     "is_void":"False",
     "area_id":185,
     "person_id":43
  }
  },
  {
     "pk":262,
     "model":"cpovc_registry.RegPersonsGeo",
     "fields": {
     "area_type":"GLTW",
     "date_linked":"2017-06-13",
     "date_delinked":null,
     "is_void":"False",
     "area_id":186,
     "person_id":43
  }
  },
  {
     "pk":263,
     "model":"cpovc_registry.RegPersonsGeo",
     "fields": {
     "area_type":"GLTW",
     "date_linked":"2017-06-13",
     "date_delinked":null,
     "is_void":"False",
     "area_id":187,
     "person_id":43
  }
  },
  {
     "pk":264,
     "model":"cpovc_registry.RegPersonsGeo",
     "fields": {
     "area_type":"GLTW",
     "date_linked":"2017-06-13",
     "date_delinked":null,
     "is_void":"False",
     "area_id":170,
     "person_id":44
  }
  },
  {
     "pk":265,
     "model":"cpovc_registry.RegPersonsGeo",
     "fields": {
     "area_type":"GLTW",
     "date_linked":"2017-06-13",
     "date_delinked":null,
     "is_void":"False",
     "area_id":171,
     "person_id":44
  }
  },
  {
     "pk":266,
     "model":"cpovc_registry.RegPersonsGeo",
     "fields": {
     "area_type":"GLTW",
     "date_linked":"2017-06-13",
     "date_delinked":null,
     "is_void":"False",
     "area_id":172,
     "person_id":44
  }
  },
  {
     "pk":267,
     "model":"cpovc_registry.RegPersonsGeo",
     "fields": {
     "area_type":"GLTW",
     "date_linked":"2017-06-13",
     "date_delinked":null,
     "is_void":"False",
     "area_id":173,
     "person_id":44
  }
  },
  {
     "pk":268,
     "model":"cpovc_registry.RegPersonsGeo",
     "fields": {
     "area_type":"GLTW",
     "date_linked":"2017-06-13",
     "date_delinked":null,
     "is_void":"False",
     "area_id":174,
     "person_id":44
  }
  },
  {
     "pk":269,
     "model":"cpovc_registry.RegPersonsGeo",
     "fields": {
     "area_type":"GLTW",
     "date_linked":"2017-06-13",
     "date_delinked":null,
     "is_void":"False",
     "area_id":175,
     "person_id":44
  }
  },
  {
     "pk":270,
     "model":"cpovc_registry.RegPersonsGeo",
     "fields": {
     "area_type":"GLTW",
     "date_linked":"2017-06-13",
     "date_delinked":null,
     "is_void":"False",
     "area_id":188,
     "person_id":45
  }
  },
  {
     "pk":271,
     "model":"cpovc_registry.RegPersonsGeo",
     "fields": {
     "area_type":"GLTW",
     "date_linked":"2017-06-13",
     "date_delinked":null,
     "is_void":"False",
     "area_id":189,
     "person_id":45
  }
  },
  {
     "pk":272,
     "model":"cpovc_registry.RegPersonsGeo",
     "fields": {
     "area_type":"GLTW",
     "date_linked":"2017-06-13",
     "date_delinked":null,
     "is_void":"False",
     "area_id":190,
     "person_id":45
  }
  },
  {
     "pk":273,
     "model":"cpovc_registry.RegPersonsGeo",
     "fields": {
     "area_type":"GLTW",
     "date_linked":"2017-06-13",
     "date_delinked":null,
     "is_void":"False",
     "area_id":191,
     "person_id":45
  }
  },
  {
     "pk":274,
     "model":"cpovc_registry.RegPersonsGeo",
     "fields": {
     "area_type":"GLTW",
     "date_linked":"2017-06-13",
     "date_delinked":null,
     "is_void":"False",
     "area_id":192,
     "person_id":45
  }
  },
  {
     "pk":275,
     "model":"cpovc_registry.RegPersonsGeo",
     "fields": {
     "area_type":"GLTW",
     "date_linked":"2017-06-13",
     "date_delinked":null,
     "is_void":"False",
     "area_id":193,
     "person_id":45
  }
  },
  {
     "pk":276,
     "model":"cpovc_registry.RegPersonsGeo",
     "fields": {
     "area_type":"GLTW",
     "date_linked":"2017-06-13",
     "date_delinked":null,
     "is_void":"False",
     "area_id":258,
     "person_id":46
  }
  },
  {
     "pk":277,
     "model":"cpovc_registry.RegPersonsGeo",
     "fields": {
     "area_type":"GLTW",
     "date_linked":"2017-06-13",
     "date_delinked":null,
     "is_void":"False",
     "area_id":259,
     "person_id":46
  }
  },
  {
     "pk":278,
     "model":"cpovc_registry.RegPersonsGeo",
     "fields": {
     "area_type":"GLTW",
     "date_linked":"2017-06-13",
     "date_delinked":null,
     "is_void":"False",
     "area_id":260,
     "person_id":46
  }
  },
  {
     "pk":279,
     "model":"cpovc_registry.RegPersonsGeo",
     "fields": {
     "area_type":"GLTW",
     "date_linked":"2017-06-13",
     "date_delinked":null,
     "is_void":"False",
     "area_id":261,
     "person_id":46
  }
  },
  {
     "pk":280,
     "model":"cpovc_registry.RegPersonsGeo",
     "fields": {
     "area_type":"GLTW",
     "date_linked":"2017-06-13",
     "date_delinked":null,
     "is_void":"False",
     "area_id":262,
     "person_id":46
  }
  },
  {
     "pk":281,
     "model":"cpovc_registry.RegPersonsGeo",
     "fields": {
     "area_type":"GLTW",
     "date_linked":"2017-06-13",
     "date_delinked":null,
     "is_void":"False",
     "area_id":80,
     "person_id":47
  }
  },
  {
     "pk":282,
     "model":"cpovc_registry.RegPersonsGeo",
     "fields": {
     "area_type":"GLTW",
     "date_linked":"2017-06-13",
     "date_delinked":null,
     "is_void":"False",
     "area_id":81,
     "person_id":47
  }
  },
  {
     "pk":283,
     "model":"cpovc_registry.RegPersonsGeo",
     "fields": {
     "area_type":"GLTW",
     "date_linked":"2017-06-13",
     "date_delinked":null,
     "is_void":"False",
     "area_id":82,
     "person_id":47
  }
  },
  {
     "pk":284,
     "model":"cpovc_registry.RegPersonsGeo",
     "fields": {
     "area_type":"GLTW",
     "date_linked":"2017-06-13",
     "date_delinked":null,
     "is_void":"False",
     "area_id":83,
     "person_id":47
  }
  },
  {
     "pk":285,
     "model":"cpovc_registry.RegPersonsGeo",
     "fields": {
     "area_type":"GLTW",
     "date_linked":"2017-06-13",
     "date_delinked":null,
     "is_void":"False",
     "area_id":84,
     "person_id":47
  }
  },
  {
     "pk":286,
     "model":"cpovc_registry.RegPersonsGeo",
     "fields": {
     "area_type":"GLTW",
     "date_linked":"2017-06-13",
     "date_delinked":null,
     "is_void":"False",
     "area_id":85,
     "person_id":47
  }
  },
  {
     "pk":287,
     "model":"cpovc_registry.RegPersonsGeo",
     "fields": {
     "area_type":"GLTW",
     "date_linked":"2017-06-13",
     "date_delinked":null,
     "is_void":"False",
     "area_id":176,
     "person_id":48
  }
  },
  {
     "pk":288,
     "model":"cpovc_registry.RegPersonsGeo",
     "fields": {
     "area_type":"GLTW",
     "date_linked":"2017-06-13",
     "date_delinked":null,
     "is_void":"False",
     "area_id":177,
     "person_id":48
  }
  },
  {
     "pk":289,
     "model":"cpovc_registry.RegPersonsGeo",
     "fields": {
     "area_type":"GLTW",
     "date_linked":"2017-06-13",
     "date_delinked":null,
     "is_void":"False",
     "area_id":178,
     "person_id":48
  }
  },
  {
     "pk":290,
     "model":"cpovc_registry.RegPersonsGeo",
     "fields": {
     "area_type":"GLTW",
     "date_linked":"2017-06-13",
     "date_delinked":null,
     "is_void":"False",
     "area_id":179,
     "person_id":48
  }
  }]